smiles,density,refractive_index,dielectric_const_dc,thermal_conductivity
*CC*,0.837971504,1.512318548,2.290632128,0.456184962
*C(C*)C,0.83573244,1.490928527,2.253164834,0.25877338
*C(C*)CC,0.833803273,1.475320848,2.184385706,0.264363289
*C(C*)CCC,0.82434244,1.467299555,2.16365831,0.261130695
*C(C*)C(C)C,0.809481605,1.45578207,2.138866692,0.234342233
*C(C*)CCCC,0.825542476,1.46495125,2.162925442,0.275330549
*C(C*)CC(C)C,0.822248085,1.461320799,2.156403506,0.240918065
*C(C*)CCCCC,0.826026958,1.463341848,2.162116459,0.27463839
*C(C*)CCC(CC)C,0.835027112,1.46101734,2.162659967,0.265949678
*C(C*)CCCCCCC,0.830236127,1.464325512,2.157347686,0.3025418
*C(C*)CCCCCCCC,0.830808762,1.459140147,2.142367135,0.311086292
*C(C*)(C)C,0.87060676,1.506599481,2.304667945,0.239525744
*C(C*)(CC)C,0.844525133,1.478831436,2.205070798,0.238234779
*C(CC*)(C)C,0.831834985,1.470448062,2.191077676,0.243031165
*C(C(C*)C)(C)C,0.836805812,1.464407834,2.166749933,0.236350165
*C(CCC*)(C)C,0.829420011,1.46599784,2.179656321,0.26184049
*C(CCC*)(CC)C,0.827575347,1.459990507,2.152578009,0.255337725
*C(CCCCCCC*)C,0.838285169,1.468109415,2.183088211,0.335492597
*C(C*)C1CC1,0.894720922,1.493700097,2.273769698,0.241876535
*C(C*)C1CCC1,0.890516521,1.481642147,2.208621508,0.225308463
*C(C*)C1CCCC1,0.896070041,1.481649535,2.201696428,0.231107263
*C(C*)CC1CCCC1,0.89707436,1.485024578,2.21570038,0.258406248
*C(C*)C1CCCCC1,0.852752091,1.454163567,2.117667439,0.209246003
*C(C*)CC1CCCCC1,0.876520821,1.47162608,2.173289093,0.229332958
*C(C*)Cc1ccccc1,1.008541193,1.580182329,2.530531309,0.192462189
*C(C*)CCc1ccccc1,1.000097037,1.573324969,2.510399305,0.213754837
*C(C*)C(c1ccccc1)C,0.950614435,1.53826458,2.399595153,0.185319288
*C1CC(CC1)C*,0.930004498,1.504050217,2.283450547,0.316659421
*C(C*)CCCCCC,0.829569461,1.464587839,2.156587592,0.285305157
*C(C*)CCCCCCCCCC,0.831539982,1.45915972,2.140644109,0.342728736
*C(C*)CCCCCCCCCCCC,0.83325233,1.460906779,2.145286558,0.357973495
*C(C*)CCCCCCCCCCCCCCCC,0.833313341,1.456145049,2.132970239,0.373038526
*C(C*)C(CC)C,0.810410007,1.447218134,2.104696285,0.234228593
*C(C*)C(CC)CC,0.81481654,1.445590621,2.101699679,0.243101437
*C(C*)CC(CC)CC,0.829919646,1.454165377,2.127370096,0.26234017
*C(C*)CC(CC)C,0.825624108,1.459623648,2.155603787,0.263746378
*C(C*)CC(C)(C)C,0.817611089,1.453583308,2.136077521,0.234660455
*C(C*)CC(CC)(C)C,0.836728393,1.459271904,2.148184381,0.232292247
*C(C*)CCCC(C)(C)C,0.818440434,1.452668595,2.130340994,0.257288867
*C(C*)CCC1CCCCC1,0.887375098,1.477791567,2.193542608,0.251637679
*C(C*)CCCC1CCCCC1,0.882254928,1.470894587,2.172091294,0.265537579
*C1(CCC(CC1)C)C*,0.85730737,1.448491309,2.106689695,0.21062304
*C(C*)(CCC)C,0.818195516,1.458690719,2.144239494,0.243076256
*/C=C/CC*,0.883044552,1.53710404,2.535927701,0.303711437
*/C=C\CC*,0.891055243,1.542964081,2.654721815,0.266947942
*C=CCC*,0.884263619,1.537991044,2.536145831,0.314780299
*C(C)C(C)*,0.8235685,1.468525634,2.162934881,0.264498348
*/C=C/*,0.887086616,1.575928735,2.515073042,0.23968083873457946
*C(C(CC*)C)C,0.831701925,1.464599497,2.155730697,0.254887827
*C1C(CCC1)CC*,0.906448376,1.483747114,2.20693714,0.250907231
*C=CCCCCCCCC*,0.85471523,1.480202473,2.304398369,0.343357529
*C(C*)CCCCCCCCCCCCCCCCCCCC,0.834006133,1.456269376,3.236482396,0.393169818
*/C=C/CCCCCCCCCC*,0.853346172,1.486335926,2.272885211,0.336324709
*C(C*)CCCCCCCCCCCCCC,0.832142984,1.46043879,2.150438567,0.365110117
*C=CCCCCCC*,0.857672969,1.494409143,2.344223889,0.302191029
*/C=C/CCC*,0.870773195,1.509697321,2.399941821,0.289325665
*C(C*)C(C)(C)C,0.80536494,1.447070109,2.118665536,0.210797175
*/C=C\CCCC*,0.868416895,1.495237286,2.428627079,0.263602776
*C(C*)CCCCCCCCCCCCC,0.833225353,1.461116983,2.149263668,0.349106811
*C(CC)C(CC)*,0.823310611,1.460440101,2.140562513,0.250042719
*C(C*)CCCCCCCCCCC,0.833532988,1.45931366,2.142856756,0.329033378
*C(C*)CCCCCCCCC,0.829999326,1.461708537,2.147362845,0.296879704
*C(C*)C1CC(CCC1)C,0.860408044,1.456528654,2.133336232,0.212366103
*C(C*)C1CCC(CC1)C,0.846306645,1.453576507,2.124586098,0.229479225
*C(C*)C1CC=CCC1,0.894488285,1.477841223,2.197830146,0.196699201
*C(=CCC*)CCCCCCC,0.850100168,1.471604773,2.182107281,0.278102134
*C(=CCC*)C(C)C,0.8495405,1.494830805,2.269082222,0.235767575
*/C=C\CCC*,0.876838662,1.513911715,2.64268234,0.244482147
*C(C*)CCC(C)(C)C,0.816714682,1.451757971,2.133039413,0.249457925
*C1C(CC1)*,0.894726143,1.488277736,2.216882304,0.236871624
*/C=C\*,0.959011341,1.6325655,2.733435226,0.573236329
*/C=C\CCCCC*,0.867588794,1.487136468,2.379334088,0.271936281
*C1CC(CC1)C=C*,0.952823858,1.530116845,2.48742141,0.309193929
*/C=C/C(C*)C(CC)C,0.850539749,1.475849008,2.222079671,0.237962753
*C(=CCC*)CCC,0.866168537,1.506169904,2.291109729,0.257522564
*C=CCCCCCCCCCC*,0.852224825,1.475219988,2.217935948,0.357300526
*C1(CCCCC1)C*,0.878255967,1.470809424,2.173405489,0.209508397
*C=CC(CCCCC*)C,0.848448936,1.479362406,2.239304657,0.264312063
*/C(=C\CC*)C(C)(C)C,0.865138951,1.501581033,2.289158238,0.230866797
*C(C*)c1ccccc1,0.990788525,1.574708496,2.50910937,0.203029804
*C(C*)c1c(cccc1)C,0.978948821,1.564423634,2.485279891,0.23889195
*C(C*)c1c(cccc1)CC,0.956120289,1.545703698,2.430571341,0.223756212
*C(C*)c1c(cccc1)COC,1.023668496,1.536415367,3.095116259,0.19732083
*C(C*)c1c(cccc1)COCC,1.020552204,1.537979108,2.976498423,0.211823768
*C(C*)c1c(cccc1)COCCC,1.002033696,1.528041441,2.80017547,0.22997739
*C(C*)c1c(cccc1)COC(C)C,0.985738485,1.520275712,2.691399239,0.220707828
*C(C*)c1c(cccc1)COCCCC,0.987425981,1.529259106,2.706431602,0.220379086
*C(C*)c1c(cccc1)COCCCCC,0.977922828,1.516071903,2.661335214,0.238571654
*C(C*)c1c(cccc1)COCCC(C)C,0.981459783,1.518900346,2.588198865,0.237360118
*C(C*)c1c(cccc1)COCc1ccccc1,1.087022171,1.590153852,2.923754615,0.204719244
*C(C*)c1c(cccc1)COCCc1ccccc1,1.073511826,1.578574272,2.68955717,0.206285623
*C(C*)c1c(cccc1)C(=O)NC,1.05618534,1.542486188,2.91729856,0.192915175
*C(C*)c1c(cccc1)C(=O)N(C)C,1.019914094,1.521234742,2.566346661,0.186909259
*C(C*)c1c(cccc1)C(=O)Nc1ccccc1,1.113471778,1.63029247,2.965981212,0.197508078
*C(C*)c1c(cccc1)C(=O)O,1.14579736,1.561326016,2.81550706,0.221643379
*C(C*)c1c(cccc1)C(=O)OC,1.093619065,1.542253332,2.822168524,0.193160544
*C(C*)c1c(cccc1)C(=O)OCC,1.070874613,1.53533732,2.619939218,0.216698631
*C(C*)c1c(cccc1)C(=O)OCCC,1.060275726,1.531687122,2.588148184,0.209516095
*C(C*)c1c(cccc1)C(=O)OC(C)C,1.04558941,1.526707646,2.542703054,0.208751466
*C(C*)c1c(cccc1)C(=O)OCCCC,1.040151362,1.524592299,2.533742264,0.225796643
*C(C*)c1c(cccc1)C(=O)OCC(C)C,1.035196742,1.524271949,2.552358945,0.203326994
*C(C*)c1c(cccc1)C(=O)OCCCCC,1.030247482,1.515436842,2.512058334,0.230202874
*C(C*)c1c(cccc1)C(=O)OCCC(C)C,1.035083827,1.522889303,2.498101016,0.218106694
*C(C*)c1c(cccc1)C(=O)OCCCCCC,1.011034746,1.504043781,2.44440851,0.238187774
*C(C*)c1c(cccc1)C(=O)Oc1ccccc1,1.133417531,1.60562759,2.789302189,0.192525654
*C(C*)c1c(cccc1)C(=O)OCCN(C)C,1.081969242,1.534751018,2.622969036,0.216260507
*C(C*)c1ccc(cc1)C(=O)OCCN(C)C,1.072615261,1.550473031,2.78252074,0.258067435
*C(C*)c1c(cccc1)OC,1.022974296,1.544147358,2.522893991,0.214975451
*C(C*)c1c(cccc1)Cl,1.153238245,1.571586421,2.570033763,0.155241408
*C(C*)c1c(cccc1)F,1.105762216,1.537102881,2.473854798,0.180059006
*C(C*)c1cc(ccc1)C,0.969357307,1.563890087,2.480126573,0.227224304
*C(C*)c1cc(ccc1)CC,0.951189371,1.548838772,2.422246998,0.230753147
*C(C*)c1cc(ccc1)c1ccc(cc1)c1ccccc1,1.059615223,1.691122154,2.892448103,0.222348269
*C(C*)c1cc(ccc1)Cl,1.138997982,1.570014729,2.586257175,0.141849652
*C(C*)c1cc(ccc1)F,1.097086163,1.53549013,2.487297884,0.165605561
*C(C*)c1ccc(cc1)C,0.954853504,1.556372558,2.454343828,0.207409376
*C(C*)c1ccc(cc1)CC,0.946653191,1.550528565,2.426617392,0.241331997
*C(C*)c1ccc(cc1)C(C)C,0.923190056,1.53172234,2.385478373,0.245006224
*C(C*)c1ccc(cc1)CCCC,0.931491324,1.533829169,2.39299112,0.246370764
*C(C*)c1ccc(cc1)C(C)(C)C,0.89655902,1.510225602,2.310756199,0.235879806
*C(C*)c1ccc(cc1)C(CC)C,0.914850756,1.525980284,2.350618906,0.23187009
*C(C*)c1ccc(cc1)CCCCCC,0.918524608,1.516093091,2.32739362,0.255178414
*C(C*)c1ccc(cc1)CCCCCCCC,0.905274422,1.50877697,2.299871797,0.284941701
*C(C*)c1ccc(cc1)CCCCCCCCC,0.902766866,1.506706379,2.300854395,0.276524365
*C(C*)c1ccc(cc1)CCCCCCCCCC,0.899890732,1.506963584,2.296540144,0.300936032
*C(C*)c1ccc(cc1)CCCCCCCCCCCC,0.894841977,1.502127912,2.276367403,0.302738789
*C(C*)c1ccc(cc1)CCCCCCCCCCCCCC,0.887566319,1.497225153,2.258266412,0.320037972
*C(C*)c1ccc(cc1)CCCCCCCCCCCCCCCC,0.886142951,1.48273205,3.727415814,0.337054547
*C(C*)c1ccc(cc1)CCCCCCCCCCCCCCCCCC,0.878911528,1.481572993,3.145120192,0.317277699
*C(C*)c1ccc(cc1)c1ccccc1,1.030455771,1.639100177,2.718659788,0.200955009
*C(C*)c1ccc(cc1)COCCOCC,1.048857628,1.535168538,3.484645101,0.249515883
*C(C*)c1ccc(cc1)C#N,1.017159224,1.568492801,2.855462887,0.174135805
*C(C*)c1ccc(cc1)Cl,1.143288057,1.575654358,2.602920343,0.150273069
*C(C*)c1ccc(cc1)Br,1.461570466,1.587087768,2.637042453,0.124850886
*C(C*)c1ccc(cc1)C(C(C(C(C(C(C(F)(F)F)(F)F)(F)F)(F)F)(F)F)(F)F)(F)F,1.594542527,1.382708399,1.988727801,0.116253947
*C(C*)c1ccc(cc1)C(=NO)C,1.056409606,1.579414349,2.823411213,0.262934975
*C(C*)c1ccc(cc1)C(O)(C)C,1.006839479,1.540293873,3.328164798,0.268025613
*C(C*)c1ccc(cc1)C(CC)(O)C,0.984772104,1.524741004,3.09704859,0.260987479
*C(C*)c1ccc(cc1)C(CCC)(O)C,0.961746913,1.516588287,2.744418113,0.266747745
*C(C*)c1ccc(cc1)C(CCCC)(O)C,0.964527544,1.5150465,2.93954065,0.262999518
*C(C*)c1ccc(cc1)C(CCCCC)(O)C,0.955479058,1.510284384,2.926546536,0.27418578
*C(C*)c1ccc(cc1)C(CCN(C)C)O,1.029659127,1.543225341,3.071049566,0.268210349
*C(C*)c1ccc(cc1)C(CCN1CCCCC1)O,1.022718168,1.526102616,2.876011317,0.250363552
*C(C*)c1ccc(cc1)C(CCN1CCOCC1)O,1.085230389,1.550751424,2.912805368,0.232670764
*C(C*)c1ccc(cc1)COC,1.03750338,1.556287964,3.57236803,0.228853851
*C(C*)c1ccc(cc1)COCCO,1.099535621,1.554927422,4.309653233,0.25859742
*C(C*)c1ccc(cc1)COCCC,1.005095307,1.538251924,3.112011708,0.237335127
*C(C*)c1ccc(cc1)COCCCC,0.992325334,1.530658568,2.969824031,0.260603141
*C(C*)c1ccc(cc1)COCCCCO,1.064499301,1.538019073,3.385239068,0.272183986
*C(C*)c1ccc(cc1)COC(CC)C,0.973651082,1.519590913,2.733703279,0.247595241
*C(C*)c1ccc(cc1)COCCCCCC,0.964533398,1.518067649,2.847928236,0.261210733
*C(C*)c1ccc(cc1)COCCOCCCC,1.013534512,1.500772616,3.144189699,0.2507784
*C(C*)c1ccc(cc1)C(=O)N(C)C,1.05442617,1.560337149,3.060100696,0.247926371
*C(C*)c1ccc(cc1)C(=O)N(CC)CC,1.0040739,1.525667959,2.847004223,0.241507546
*C(C*)c1ccc(cc1)C(=O)N1CCCCC1,1.036942875,1.540580851,2.751296523,0.235723579
*C(C*)c1ccc(cc1)C(=O)CCN1CCCCC1,1.040490676,1.539471929,2.705822698,0.245284571
*C(C*)c1ccc(cc1)C(=O)N1CCOCC1,1.103347893,1.547090123,2.717559963,0.22605657
*C(C*)c1ccc(cc1)C(=O)OC,1.090571368,1.551015844,2.840607631,0.223091355
*C(C*)c1ccc(cc1)C(=O)OCC,1.05070326,1.534191125,2.684839316,0.235563807
*C(C*)c1ccc(cc1)C(=O)OCCC,1.047044212,1.533602845,2.621053037,0.24176446
*C(C*)c1ccc(cc1)C(=O)OC(C)C,1.02693306,1.525014641,2.600537297,0.250453544
*C(C*)c1ccc(cc1)C(=O)OCCCC,1.030347418,1.527340869,2.550202562,0.261827286
*C(C*)c1ccc(cc1)C(=O)OCC(C)C,1.017692103,1.523252244,2.575962988,0.237523806
*C(C*)c1ccc(cc1)C(=O)OCCCCCC,1.003719963,1.515205799,2.48259202,0.258101979
*C(C*)c1ccc(cc1)C(=O)CC,1.033214439,1.56250716,3.62079951,0.244573024
*C(C*)c1ccc(cc1)C(=O)CCC,1.016565854,1.555340827,3.30297432,0.245764324
*C(C*)c1ccc(cc1)C(=O)CCCC,1.003231285,1.550163486,3.146851486,0.263241449
*C(C*)c1ccc(cc1)C(=O)CCCCC,0.988783183,1.541764026,2.949398649,0.258123945
*C(C*)c1ccc(cc1)C(=O)CCCCCCC,0.970813314,1.535520847,2.843414199,0.271736697
*C(C*)c1ccc(cc1)C(=O)Cc1ccccc1,1.103006997,1.61352825,2.96458179,0.219547247
*C(C*)c1ccc(cc1)C(=O)c1ccccc1,1.09827774,1.631488464,3.091521468,0.216592432
*C(C*)c1ccc(cc1)C(=O)c1ccc(cc1)C,1.067378891,1.620823287,3.041035621,0.242415832
*C(C*)c1ccc(cc1)F,1.087380654,1.52901129,2.45081805,0.163887726
*C(C*)c1ccc(cc1)I,1.7178258,1.590476892,2.613714048,0.097198673
*C(C*)c1ccc(cc1)N(C)C,1.01782468,1.597872385,2.654586893,0.270531824
*C(C*)c1ccc(cc1)OC,1.042086594,1.562641786,2.974605632,0.215501326
*C(C*)c1ccc(cc1)OCC,1.016879034,1.549059565,3.003548137,0.242464965
*C(C*)c1ccc(cc1)OCCC,0.991729585,1.540317076,2.724825591,0.243869844
*C(C*)c1ccc(cc1)OCCCC,0.984185099,1.540014448,2.685260528,0.246692673
*C(C*)c1ccc(cc1)OCCC(C)C,0.976437278,1.533991844,2.641129777,0.282457207
*C(C*)c1ccc(cc1)Oc1ccccc1,1.10105886,1.627379089,2.815945989,0.221253857
*C(C*)c1ccc(cc1)c1ccc(cc1)c1ccccc1,1.054606035,1.696236306,2.910005507,0.239465602
*C(C*)c1ccc(cc1)S(=O)(=O)OCCC,1.166750668,1.515136043,2.88016155,0.209057278
*C(C*)c1c(cccc1Cl)Cl,1.262465174,1.562200336,2.501320449,0.113806933
*C(C*)c1c(cc(cc1)C)C,0.940383427,1.543009001,2.413794119,0.214891697
*C(C*)c1c(cc(cc1)C(C)C)C(C)C,0.871064672,1.489474578,2.255177618,0.215437297
*C(C*)c1c(cc(cc1)F)C,1.058654554,1.520703472,2.41264353,0.167659758
*C(C*)c1c(cc(cc1)Cl)C,1.101968119,1.559401404,2.570522863,0.163669069
*C(C*)c1c(cc(cc1)Cl)Cl,1.253540775,1.567133826,2.540096194,0.107893694
*C(C*)c1c(ccc(c1)C)C,0.925112294,1.532862311,2.38181416,0.194019925
*C(C*)c1c(ccc(c1)C(C)(C)C)C,0.896333211,1.507772826,2.304727934,0.211943136
*C(C*)c1c(ccc(c1)C(C)C)C(C)C,0.870067341,1.490946565,2.253397544,0.190254382
*C(C*)c1c(ccc(c1)Cl)Cl,1.246008309,1.562133092,2.466739437,0.112111131
*C(C*)c1c(ccc(c1)F)F,1.182523433,1.496134816,2.28356761,0.146382976
*C(C*)c1c(ccc(c1)C)F,1.053218614,1.523908365,2.418182053,0.195322638
*C(C*)c1c(ccc(c1)Br)OCCCC,1.2582648,1.53541482,2.488257122,0.15926394
*C(C*)c1c(ccc(c1)Br)OCC,1.33930596,1.546794599,2.58332191,0.139419841
*C(C*)c1c(ccc(c1)Br)OC,1.378340664,1.545112955,2.568525939,0.128686133
*C(C*)c1c(ccc(c1)Br)OCCC,1.280338839,1.531920058,2.456954218,0.138151779
*C(C*)c1c(ccc(c1)Br)OC(C)C,1.258870669,1.520695343,2.438458865,0.144697579
*C(C*)c1c(ccc(c1)Br)OCCCCC,1.225241179,1.528952427,2.452883663,0.161556934
*C(C*)c1c(ccc(c1)Br)OCCC(C)C,1.226506408,1.527452216,2.457155031,0.156760429
*C(C*)c1cc(cc(c1)C)C,0.939037292,1.546793451,2.429341786,0.239838224
*C(C*)c1cc(c(cc1)C)C,0.935056733,1.541858701,2.408632161,0.222441085
*C(C*)c1cc(c(cc1)Cl)C,1.086153317,1.550564986,2.504045572,0.152412214
*C(C*)c1cc(c(cc1)Cl)Cl,1.257069501,1.569086553,2.647867913,0.108557769
*C(C*)c1cc(c(cc1)Cl)F,1.218843924,1.537757143,2.599611067,0.121296834
*C(C*)c1c(cc(cc1C)C)C,0.93086765,1.53606914,2.399820761,0.232927166
*C(C*)c1c(cc(c(c1)C)C)C,0.929446641,1.537657473,2.395774459,0.249066929
*C(C*)c1c(c(c(c(c1F)F)F)F)F,1.449526713,1.437017022,2.221391013,0.111121575
*C(C*)(c1ccccc1)C,0.964538381,1.553540085,2.445730273,0.20669134
*C(C*)(c1ccc(cc1)C(C)C)C,0.902118305,1.517086687,2.341748495,0.22250314
*C(C(*)(F)F)(c1ccccc1)F,1.27745434,1.474554484,2.331707459,0.209551814
*C(C(*)(F)F)(c1c(c(c(c(c1F)F)F)F)F)F,1.609094369,1.380101515,1.95540429,0.109340544
*C(C*)c1c2c(ccc1)cccc2,1.049065386,1.639321769,2.724933487,0.183531473
*C(C*)c1ccc(cc1)C(=O)C,1.057706787,1.575345783,4.127159658,0.237084593
*C(C*)c1ccc(cc1)C(=O)CCN1CCOCC1,1.102048959,1.547686384,2.718339346,0.241083815
*C(C*)(C(=O)OC)c1ccccc1,1.055775059,1.504311365,2.410798624,0.174256665
*C(C*)(c1ccc(cc1)C)C,0.92469499,1.533127121,2.382410656,0.206248478
*C(C(*)c1ccccc1)[N+](=O)[O-],1.094086295,1.494894075,2.703552779,0.16724356
*C(C*)c1ccc(cc1)C(=O)C(F)(F)F,1.2814039,1.507076461,2.666346436,0.154440392
*C(C*)c1ccc(cc1)C(=O)c1ccc(cc1)OC,1.111089836,1.625381923,3.14170186,0.245710563
*C(C*)c1cc2c(cc1)cccc2,1.048762388,1.655021425,2.777459522,0.189317179
*C(C*)c1ccncc1,1.064890411,1.575878627,2.67179168,0.194624132
*C(C*)c1nc(ccc1)C,1.014862727,1.557498019,2.577277368,0.231875326
*C(C*)c1ccc(nc1)C,1.004278135,1.552084602,2.576959151,0.216347814
*C(C*)N1Nc2c(C1)cccc2,1.114969607,1.594262643,2.646501909,0.210041586
*C(C(C(C*)c1ncccc1)c1ccccc1)c1ncccc1,1.02787783,1.554926963,2.581251107,0.19889562
*C(C*)c1ccc(cc1)O,1.107283443,1.59134482,3.553901986,0.28470777
*C(C*)c1ccc(cc1)OC(=O)C,1.100534398,1.544970093,3.565189982,0.259585297
*C(C*)c1ccc(cc1)CCC,0.941423608,1.539860743,2.395348279,0.242985282
*C(C*)c1ccc(cc1)COCCCCCCOc1ccc(cc1)c1ccc(cc1)OC,1.071230538,1.606525202,4.138307676,0.265685462
*C(C*)c1ccc(cc1)COCC(CCCC)CC,0.944495503,1.495726201,2.461433731,0.26087891
*C(C*)c1ccc(cc1)COCCOCCCCCCCC,0.973660818,1.506935168,2.861142454,0.266343252
*C(C*)c1ccc(cc1)C(C(C(C(C(C(F)F)(F)F)(F)F)(F)F)(F)F)(F)F,1.523217009,1.394770034,2.530894818,0.115569094
*C(CC(C*)c1ccccc1)(C(=O)OC)C#N,1.072601323,1.501105912,2.601088752,0.199800698
*C(C*)c1cc(c(cc1)C(=O)O)C(=O)O,1.289327097,1.577369784,3.215378982,0.3080457
*C(C(*)(c1c(c(c(c(c1[2H])[2H])[2H])[2H])[2H])[2H])([2H])[2H],1.071664337,1.577514954,2.520296328,0.198937871
*C(C*)O,1.174363926,1.543663888,4.113752811,0.438737902
*C(C*)C=O,1.136267031,1.525845637,5.83568205,0.267165471
*C(C*)OC(=O)CCCCCCCCCCC,0.921917489,1.453773283,2.235052412,0.282501246
*C(C*)C(=O)C,1.032572569,1.484053087,3.267243174,0.26561373
*C(C*)C(=O)C(C)C,0.945283927,1.454949363,2.574641831,0.225007493
*C(C*)(C(=O)C)C,0.974159692,1.463408798,2.48444018,0.212146266
*C(C*)C#N,1.046677705,1.502718298,2.972339387,0.227307045
*C(C*)(C#N)C,0.991092314,1.488487346,2.556528992,0.201063991
*C(C*)c1ncccc1,1.057501881,1.575539656,2.679200629,0.184406433
*C(C*)n1c2ccccc2c2ccccc12,1.099857312,1.669537395,2.845054653,0.178401902
*C(C*)OC,1.019931061,1.489369975,2.602113083,0.262373678
*C(C*)OCC,0.958386277,1.467050612,2.426119064,0.24221035
*C(C*)OC(=O)C,1.1098647,1.45227121,2.703880231,0.258656205
*C(C*)OC(=O)CC,1.060167238,1.452583281,2.577765779,0.254353251
*C(C*)OC(=O)c1ccccc1,1.143985301,1.560940796,2.699563163,0.186373384
*C(C*)CCCCCCCCCO,0.905412097,1.472520369,2.878186383,0.330609059
*C(C*)CCN(C(C)C)C(C)C,0.876082092,1.458157703,2.220242111,0.274221978
*C(C*)CCCN(C(C)C)C(C)C,0.873653205,1.466156069,2.250540589,0.27772076
*C(C*)CCCN(CC(C)C)CC(C)C,0.860541573,1.457355931,2.153310437,0.258228983
*C(C*)O[N+](=O)[O-],1.422526847,1.491928834,3.656306311,0.243039162
*C=CC(C(*)C(=O)OC)C,1.029013519,1.473496598,2.62760058,0.242911397
*C#C/C(=C(*)\COS(=O)(=O)c1ccc(cc1)C)COS(=O)(=O)c1ccc(cc1)C,1.251976494,1.577163297,3.134455076,0.255175548
*C(C*)OC=O,1.251158166,1.483562817,2.87673646,0.235150652
*C(C*)OCc1ccccc1,1.091059368,1.578676075,2.64778404,0.205595119
*C(C*)OC(C)(C)C,0.899334655,1.446307533,2.192073502,0.226849329
*C(C(*)OCC(C)C)C,0.889659735,1.448925258,2.196287165,0.222144713
*C(C*)OC(C)C,0.923613225,1.458238285,2.323429794,0.241975026
*C(C*)(OC)C,0.955616256,1.464589925,2.254993836,0.207223659
*C(C*)OCC(C)(C)C,0.874620945,1.440490298,2.202886947,0.218243316
*C(C*)OC(CC)C,0.905143445,1.448405379,2.21274136,0.235279019
*C(C*)OC(=O)C(F)(F)F,1.49183688,1.375547255,2.280340228,0.160012719
*/C=C/C(C*)OC,1.003981727,1.516968391,3.096629919,0.250969245
*C=CCC(CC*)(C(=O)OC)C,0.992758106,1.465295636,2.468775978,0.249826128
*C(C*)CCc1c(cccc1)C,0.978579324,1.558009875,2.461585196,0.237337805
*C(C*)CCc1ccc(cc1)C,0.970092286,1.555379138,2.448011568,0.23781263
*C(C*)OCCCCCCCCCCCC,0.87615794,1.458806311,2.220250209,0.325984117
*C(C(*)OCCCC)C,0.905549579,1.452764829,2.254125385,0.2476222
*C(C(*)OC(C)(C)C)C,0.874167946,1.433741507,2.112266204,0.203928088
*C(C(*)OCC)C,0.920915603,1.45195436,2.278373946,0.227848602
*C(C(*)OC(C)C)C,0.882335598,1.440760236,2.193257196,0.223844824
*C(C(*)OC)C,0.947492501,1.461518095,2.358891627,0.217127213
*C(C(*)OCCC)C,0.906495665,1.454412252,2.272428633,0.232191511
*C(C*)Cc1c(ccc(c1)C)C,0.944052893,1.540076079,2.401100418,0.219339206
*C(C*)Cc1cc(c(cc1)C)C,0.95241273,1.548452009,2.429129362,0.220624848
*C(C*)Cc1cc(cc(c1)C)C,0.95500293,1.551278542,2.444706299,0.227538068
*C(C*)Cc1cc(ccc1)C,0.976778762,1.562552371,2.475897862,0.213029156
*C(C*)Cc1c(cccc1)C,0.972209312,1.554167657,2.447975843,0.211243073
*C(C*)Cc1ccc(cc1)C,0.968403914,1.559701146,2.462678956,0.20880675
*C(C(*)O)C,1.029484838,1.48753536,3.56356547,0.269690871
*C(C*)OC(=O)c1ccc(cc1)C(C)(C)C,1.021531892,1.52514614,2.522409718,0.245177434
*C(C*)C(=O)C(C)(C)C,0.91707896,1.444416727,2.337267215,0.222675631
*C(C*)C(=O)C1CCCCC1,0.971181484,1.461013842,2.328602096,0.219884069
*C(C*)C(=O)c1c(cccc1)O,1.187225592,1.597999725,3.072242894,0.225341707
*C=CC(C*)OC,1.002721432,1.516161835,2.899020144,0.240715701
*C(=CCC*)c1ccccc1,1.017027333,1.639380629,2.726881983,0.209330511
*C(O)C(*)O,1.396107757,1.537706111,7.533411108,0.503119958
*C(C*)OCC(CCCC)CC,0.883883354,1.452934882,2.188568265,0.250639578
*C(C*)SCCCC,0.975699357,1.517167972,2.559208709,0.231505378
*C(C*)OC1CCCCC1,0.948633594,1.461648001,2.18385783,0.209300741
*C(C*)SCC,1.030279109,1.530222633,2.906126126,0.212352519
*C(C(*)(F)F)(OC(C(C(C(F)(F)F)(F)F)(F)F)(F)F)F,1.779887798,1.288380575,1.713819376,0.09864473
*C(C(*)(F)F)(OC(C(F)(F)F)(F)F)F,1.710360798,1.281555613,1.695727039,0.104992442
*C(C(*)(F)F)(OC(F)(F)F)OC(F)(F)F,1.687186152,1.274131972,1.674189038,0.096025647
*C(C(*)(F)F)OC(F)(F)F,1.726335987,1.321084101,1.87197012,0.113432798
*C(C(*)F)(OC(F)(F)F)F,1.750235753,1.325991764,1.920679692,0.115882336
*C(C(*)(F)F)(OC(F)(F)F)F,1.816452345,1.305123092,1.783138999,0.11540703
*C(C*)OCC(CC)(C)C,0.882730644,1.44225554,2.189588334,0.235379261
*C(C*)SC,1.078850613,1.551952359,2.952890039,0.202535215
*C(C*)OCCC,0.936310658,1.462128813,2.311034159,0.240692237
*C(C*)(C(=O)C)F,1.193983784,1.441695012,2.805354378,0.210118729
*C(C*)C(=O)c1ccccc1,1.110644943,1.58901336,2.933622827,0.183250902
*C(C*)C(=O)c1cc(c(cc1)Br)OC,1.468622958,1.586614225,2.882278547,0.149327416
*C(C*)C(=O)c1ccc(cc1)C(C)(C)C,0.988687181,1.536988888,2.585536937,0.231159229
*C(C*)C(=O)c1ccc(cc1)Cl,1.226369324,1.592356446,2.752801627,0.143955688
*C(C*)C(=O)c1ccc(cc1)CC,1.047672656,1.572064367,2.746738678,0.231546443
*C(C*)C(=O)c1ccc(cc1)C(C)C,1.019792447,1.556905484,2.672167585,0.236631114
*C(C*)C(=O)c1ccc(cc1)OC,1.136336939,1.586777627,3.245313695,0.228482209
*C(C*)C(=O)c1cc(c(cc1)C)C,1.036462114,1.563578753,2.782399114,0.223876284
*C(C*)C(=O)c1ccc(cc1)CCC,1.024315343,1.55602488,2.646801538,0.233892305
*C(C*)C(=O)c1ccc(cc1)C,1.063196689,1.576916006,2.811252123,0.217537979
*C(C*)OC(=O)c1c(cccc1)OC(=O)C,1.204681933,1.527581795,3.004819815,0.217738726
*C(C*)OC(=O)c1ccc(cc1)OC(=O)C,1.202322505,1.547114271,3.444647475,0.24818347
*C(C*)OC(=O)CCCC(=O)c1ccccc1,1.150898047,1.527254535,3.145016978,0.238763693
*C(C*)OC(=O)c1cc(ccc1)Br,1.54660293,1.586969255,2.752806274,0.137957273
*C(C*)OC(=O)c1ccc(cc1)Br,1.536350906,1.590541982,2.697450055,0.139742427
*C(C*)OC(=O)c1ccc(cc1)OC(=O)CCC,1.143061228,1.536186579,3.139400086,0.25604142
*C(C*)OC(=O)c1c(cccc1)Cl,1.293059527,1.579713479,2.894285782,0.171958387
*C(C*)OC(=O)c1cc(ccc1)Cl,1.263058501,1.566104286,2.732469819,0.153320971
*C(C*)OC(=O)c1ccc(cc1)Cl,1.266340181,1.576989787,2.668985662,0.15531743
*C(C*)OC(=O)C1CCCCC1,1.019054854,1.452384869,2.278742571,0.215272882
*C(C*)OC(=O)CC1CCCCC1,1.017496565,1.4675202,2.363678947,0.222720187
*C(C*)OC(=O)CCCC1CCCCC1,0.995240688,1.472610695,2.320691098,0.244722191
*C(C*)OC(=O)c1ccc(cc1)OCC,1.124221099,1.55427898,3.155909889,0.229699129
*C(C*)OC(=O)c1ccc(cc1)CC,1.071863376,1.546525195,2.6016271,0.231673795
*C(C*)OC(=O)C(C(C(F)(F)F)(F)F)(F)F,1.641934973,1.344317686,2.052113836,0.124821014
*C(C*)OC(=O)C1(C(C(C(C(C1(F)F)(F)F)(F)F)(F)F)(F)F)F,1.672175033,1.334067857,1.917490907,0.099404761
*C(C*)NC(=O)OC(C)(C)C,1.015667029,1.447602912,2.603022063,0.240864603
*C(C*)OC(=O)C(C(C(C(C(C(C(C(C(F)(F)F)(F)F)(F)F)(F)F)(F)F)(F)F)(F)F)(F)F)(F)F,1.802612793,1.322149613,1.867993413,0.117620774
*C(C*)OC(=O)C(C(C(C(C(F)(F)F)(F)F)(F)F)(F)F)(F)F,1.72120682,1.331956641,1.961162038,0.117573176
*C(C*)OC(=O)C(C(C(C(C(C(C(F)(F)F)(F)F)(F)F)(F)F)(F)F)(F)F)(F)F,1.765573426,1.324483507,1.889812818,0.118403797
*C(C*)OC(=O)C(C(F)(F)F)(F)F,1.581055156,1.356419556,2.154665308,0.134381971
*C(C*)OC(=O)C(C(C(C(F)(F)F)(F)F)(F)F)(F)F,1.679400325,1.335390515,1.987680165,0.117895156
*C(C*)OC(=O)c1ccncc1,1.195060965,1.549251434,2.626577031,0.194295907
*C(C*)OC(=O)c1ccc(cc1)C(C)C,1.047680586,1.537552584,2.593866449,0.241150434
*C(C*)OC(=O)C(C(C)C)(C(C)C)C,0.922754666,1.425154009,2.173149133,0.212645982
*C(C*)OC(=O)c1c(cccc1)OC,1.184683625,1.565226572,2.898220336,0.216310624
*C(C*)OC(=O)c1cc(ccc1)OC,1.172022242,1.556109253,3.078502956,0.21828481
*C(C*)OC(=O)c1ccc(cc1)OC,1.170671465,1.566838401,2.986653072,0.222833617
*C(C*)OC(=O)c1c(cccc1)C,1.128727674,1.564747887,2.727139122,0.223566569
*C(C*)OC(=O)c1cc(ccc1)C,1.110950878,1.55614882,2.640146217,0.210139794
*C(C*)OC(=O)c1ccc(cc1)C,1.099096797,1.554930504,2.658782631,0.205615125
*C(C*)OC(=O)CC(c1ccccc1)(C)C,1.066509964,1.510277695,2.459683726,0.205542847
*C(C*)OC(=O)C(CCC)(C)C,0.945730555,1.431950585,2.20259551,0.219638957
*C(C*)OC(=O)C(C(CC)(C)C)(C)C,0.923293691,1.424955609,2.178433772,0.20834975
*C(C*)OC(=O)C(C(C(C)C)C)(C)C,0.928292734,1.427972082,2.170491258,0.21225308
*C(C*)OC(=O)C(CC(C)(C)C)(C)C,0.930642496,1.43243054,2.179035997,0.214976534
*C(C*)OC(=O)c1cnccc1,1.216930022,1.563919125,2.896327309,0.195169036
*C(C*)OC(=O)c1cc(ccc1)[N+](=O)[O-],1.282622037,1.554807826,3.003695676,0.196771713
*C(C*)OC(=O)CCCCCCC,0.953535589,1.452165878,2.310992193,0.270802383
*C(C*)OC(C(F)(F)F)(C(F)(F)F)F,1.622288206,1.327223723,1.900056063,0.105366502
*C(C*)OC(=O)CCl,1.372301072,1.495396132,3.987660149,0.218868603
*C(C*)C1=CC=CS1,1.168228212,1.609466598,2.707169105,0.196546556
*C(C*)OCCCl,1.248858545,1.510835473,5.017243267,0.187521218
*C(C*)OCCOC,1.063567732,1.470352966,3.749373957,0.251788875
*C(C*)OCC(F)(F)F,1.388732116,1.383939648,2.961338496,0.150868966
*C(C*)(CC(=O)OCCCCCCC)C(=O)OCCCCCCC,0.966492654,1.446845708,2.260393679,0.268835353
*C(C*)OC(=O)C1CCCC1,1.053718158,1.464022495,2.372869427,0.23014149
*C(C*)OC(=O)C1(CCCCC1)C,0.984240621,1.442695314,2.213670149,0.199836391
*C(C*)P(=O)(c1ccccc1)c1ccccc1,1.098076282,1.581205257,2.735249776,0.152952702
*C(C*)P(=O)(OCC)N(C)C,1.112277991,1.468445108,2.608316178,0.207524248
*C(C*)P(=O)(N(C)C)Oc1ccccc1,1.160587206,1.530544006,2.618350107,0.193867563
*C(C*)c1nc(nc(n1)C)C,1.064103146,1.518700103,2.422417283,0.263398106
*C(C*)OC(=O)CCCCCCCCC,0.93553504,1.45801234,2.3352164,0.286467814
*C(C*)OC(=O)CCCCC,0.977136755,1.437913689,2.315199202,0.259631398
*C1c2c(CC1*)cccc2,0.984516179,1.549606317,2.42759852,0.161666133
*C1C(=O)OC(=O)C1C(C*)OC,1.250206826,1.463602547,2.905514452,0.21637842
*C(C(C(C*)OC)C(=O)O)C(=O)O,1.266513017,1.459466369,2.663761062,0.302701509
*C(=CCCC*)c1ccc(cc1)OC,1.035052361,1.616505111,3.036653562,0.225130935
*C(=CCCC*)c1ccccc1,1.00581957,1.628304381,2.69085579,0.210673224
*C(=CCCC*)c1ccc(cc1)Cl,1.123124794,1.63494411,2.738090646,0.170800563
*C(C*)CNc1ccc(cc1)[N+](=O)[O-],1.230823085,1.646534208,3.46394643,0.252535899
*C(C*)CNc1ncc(cc1)[N+](=O)[O-],1.274317315,1.637324057,3.349259171,0.238277713
*C(C*)CNc1c(cc(cc1)[N+](=O)[O-])C,1.182212775,1.618677176,3.406450342,0.245603324
*C(C*)CNc1cc(c(cc1)[N+](=O)[O-])C(F)(F)F,1.382048926,1.556965832,3.193033671,0.206534587
*C(C*)CNc1c(cc(cc1)[N+](=O)[O-])[N+](=O)[O-],1.348505594,1.64090101,3.5375421,0.236441097
*C1C(C(C(C1)C*)OC(=O)CCCCCCCCCCOc1ccc(cc1)c1ccc(cc1)C#N)OC(=O)CCCCCCCCCCOc1ccc(cc1)c1ccc(cc1)C#N,1.050442559,1.553571606,14.21876064,0.263259921
*C1C(CC(C1)C*)OC(=O)CCCCCCCCCCOc1ccc(cc1)c1ccc(cc1)C#N,1.041611942,1.563100765,13.07892147,0.268797476
*C1C(CC(C1)OC(=O)CCCCCCCCCCOc1ccc(cc1)c1ccc(cc1)C#N)CC*,1.03779286,1.548454995,22.80787623,0.2621942
*C(C*)N1CNCC1,1.079195126,1.528963232,2.558026829,0.239553034
*C(C*)OCCCCCCCCCCCCCCCCCC,0.863937237,1.453482019,3.723944697,0.364697261
*C(C*)OC(=O)c1ccc(cc1)C#N,1.163856974,1.574514073,2.806534284,0.188964216
*C(C*)OCC(CC(C)C)(C)C,0.892796096,1.454853719,2.194544212,0.254371124
*C(C(*)(F)F)(OC(C(F)F)F)F,1.696241974,1.331564253,2.789970948,0.143872872
*C(C*)C(=O)c1ccc(cc1)Br,1.516763156,1.608300148,2.778075111,0.12605159
*C(C*)OC(=O)CC1CCCC1,1.046233355,1.470574371,2.424808172,0.236625928
*C(C*)N1C(=O)CCC1,1.094286524,1.498660722,2.790511183,0.236040386
*C1C(C2C(C1)C(C(C2)CC*)OC(=O)CCCCCCCCCCOc1ccc(cc1)c1ccc(cc1)C#N)OC(=O)CCCCCCCCCCOc1ccc(cc1)c1ccc(cc1)C#N,1.041845873,1.54170484,17.94466668,0.248651693
*C(C*)C(=O)O,1.303707229,1.509336296,2.899141556,0.351557632
*C(C*)C(=O)OC,1.129183952,1.460085865,2.67148628,0.249473618
*C(C*)C(=O)OCC,1.064568208,1.454803349,2.542197587,0.261966182
*C(C*)C(=O)OCCC,1.030160522,1.452141043,2.477553503,0.245170112
*C(C*)C(=O)OC(C)C,1.018190946,1.446654454,2.503012359,0.251403563
*C(C*)C(=O)OCCCC,1.001402306,1.450290219,2.395676615,0.255094023
*C(C*)C(=O)OCC(C)C,0.997194883,1.446538286,2.403410879,0.241958713
*C(C*)C(=O)OC(C)(C)C,0.971035325,1.431897504,2.416941039,0.228960032
*C(C*)C(=O)OCCCCCC,0.963879959,1.446510084,2.300498357,0.259092425
*C(C*)C(=O)OCCCCCCC,0.948837806,1.44422107,2.293252252,0.258296751
*C(C*)C(=O)OCCCCCCCC,0.942140506,1.454028734,2.339688984,0.283339543
*C(C*)C(=O)OCCCCCCCCCCCC,0.913403657,1.454778475,2.269909393,0.309141226
*C(C*)C(=O)OCCCCCCCCCCCCCC,0.905452429,1.449647535,2.2356252,0.313712263
*C(C*)C(=O)OCCCCCCCCCCCCCCCC,0.898806002,1.454000636,2.264693197,0.333661973
*C(C*)C(=O)OCCCCCCCCCCCCCCCCCC,0.89196107,1.449872281,4.097677842,0.332315444
*C(C*)C(=O)OCCCCCCCCCCCCCCCCCCCCCC,0.884876752,1.445512087,7.143357262,0.358016945
*C(C*)C(=O)OCC=C,1.087141868,1.495105416,2.675483454,0.263380595
*C(C*)C(=O)OC1C2(CCC(C1)C2(C)C)C,0.986288422,1.44980261,2.252582241,0.208176754
*C(C*)C(=O)OCC(F)(F)F,1.418541441,1.394285931,3.059482836,0.164710423
*C(C*)C(=O)OCC(C(F)(F)F)(F)F,1.493383044,1.368996609,2.457593056,0.143562058
*C(C*)C(=O)OC(C(F)(F)F)C(F)(F)F,1.536822752,1.347178504,2.085017716,0.132233355
*C(C*)C(=O)OC(C(F)(F)F)(C(F)(F)F)F,1.597661628,1.335161928,2.025887333,0.115357789
*C(C*)C(=O)OC(C(Cl)(F)F)(C(F)(F)F)F,1.596822382,1.36414012,2.070605415,0.108082679
*C(C*)C(=O)OC(C(Cl)(F)F)(C(Cl)(F)F)F,1.633953683,1.393689921,2.135797354,0.102567279
*C(C*)C(=O)OCC(C(F)C(F)(F)F)(F)F,1.535446377,1.374380245,2.457223058,0.149880398
*C(C*)C(=O)OCC(C(C(F)(F)F)(F)F)(F)F,1.563652716,1.35374993,2.204108399,0.134586462
*C(C*)(C(=O)OC)C,1.033055843,1.435813493,2.286963542,0.214253377
*C(C*)(C(=O)OCC)C,0.990367795,1.428348512,2.219714518,0.214601581
*CC(*)(C)C(=O)OCCC,0.989428412,1.437955137,2.223428935,0.217185653
*CC(*)(C)C(=O)OC(C)C,0.953690368,1.423699985,2.19048347,0.212297791
*C(C*)(C(=O)OCCCC)C,0.977791197,1.442170323,2.227135239,0.223797866
*CC(*)(C)C(=O)OC(C)CC,0.946334214,1.426980635,2.171518216,0.219748019
*CC(*)(C)C(=O)OCC(C)C,0.96194342,1.436068531,2.231363431,0.211663838
*CC(*)(C)C(=O)OC(C)(C)C,0.912409902,1.409693587,2.154745531,0.199032877
*CC(*)(C)C(=O)OCCCCCC,0.953772359,1.445627509,2.196702053,0.247136147
*CC(*)(C)C(=O)OCCCCCCCC,0.934650547,1.445520129,2.183525666,0.263447418
*CC(*)(C)C(=O)OCCCCCCCCCCCC,0.910290248,1.451057244,2.18256745,0.297503097
*CC(*)(C)C(=O)OC1CCCCC1,0.972678461,1.443645063,2.203409415,0.188801438
*CC(*)(C)C(=O)Oc1ccccc1,1.099424256,1.53525243,2.557393294,0.192736665
*CC(*)(C)C(=O)OCc1ccccc1,1.091824545,1.525196849,2.457786909,0.196260903
*CC(*)(C)C(=O)OCCBr,1.508509344,1.472619624,3.196557307,0.156664784
*CC(*)(C)C(=O)OCc1ccccc1Cl,1.18896235,1.53890123,2.605612884,0.165076796
*CC(*)(C)C(=O)OCCO,1.134422469,1.46141376,3.473831076,0.250973925
*CC(*)(C)C(=O)OCCN(C)C,1.036064242,1.469056427,2.514808623,0.241329136
*CC(*)C(N)=O,1.263155414,1.56070446,3.715096079,0.444629702
*CC(*)C(=O)NC(C)C,1.008805527,1.47897592,2.853866899,0.262015599
*CC(*)C(=O)OC(CC)CC,0.9720182,1.440321234,2.304269073,0.245278243
*CC(*)C(=O)OC1CCCCC1,1.016583768,1.452690784,2.345154392,0.215312167
*CC(*)C(=O)OCC(C)(C)C,0.963513972,1.437282739,2.328540453,0.235321696
*CC(*)C(=O)OCCC#N,1.158051852,1.479981809,3.912592247,0.249017898
*CC(*)C(=O)N1CCCCC1,1.040542744,1.490339193,2.505359702,0.224880389
*CC(*)C(=O)N1CCOCC1,1.139923204,1.49783536,2.54840855,0.212390136
*CC(*)C(=O)Oc1ccccc1,1.159695123,1.562050473,2.80024006,0.204691395
*CC(*)C(=O)Oc1ccc(OC)cc1,1.172544176,1.551294002,3.172220992,0.230448188
*CC(*)C(=O)Oc1ccccc1C(=O)OC,1.217023565,1.540072509,3.128018381,0.219785117
*CC(*)C(=O)Oc1ccccc1C(=O)OCC,1.174569494,1.524993858,3.013911376,0.218273906
*CC(*)C(=O)Oc1cccc(C(=O)OC)c1,1.206588234,1.539455774,2.967202131,0.234531676
*CC(*)C(=O)Oc1cccc(C(=O)OCC)c1,1.166635876,1.530828206,2.796092028,0.235991614
*CC(*)C(=O)Oc1ccc(C(=O)OC)cc1,1.200460801,1.546828918,3.022618133,0.246881391
*CC(*)C(=O)Oc1ccc(C(=O)OCC)cc1,1.168794946,1.53928563,2.8353935,0.254460099
*CC(*)C(=O)Oc1ccc(C(=O)OCCCC)cc1,1.126542992,1.530144405,2.719591567,0.269375988
*CC(*)C(=O)Oc1ccc(-c2ccccc2)cc1,1.152249555,1.637110469,2.913663137,0.225714507
*CC(*)C(=O)OCc1ccccc1,1.135763036,1.548481574,2.635564795,0.203084164
*CC(*)C(=O)OCCc1ccccc1,1.114090612,1.535158728,2.56066194,0.218359976
*CC(*)C(=O)Oc1cccc(N(C)C)c1,1.15007506,1.582561671,2.842396936,0.265857865
*CC(*)C(=O)Oc1ccc(C#N)cc1,1.183986714,1.57934657,2.984121018,0.217648606
*CC(*)C(=O)OCc1ccc(C#N)cc1,1.150101385,1.555327874,2.920182833,0.206123134
*CC(*)C(=O)Oc1ccc(Cl)cc1Cl,1.36901816,1.566991926,2.747259681,0.148391912
*CC(*)C(=O)Oc1c(Cl)c(Cl)c(Cl)c(Cl)c1Cl,1.559789955,1.570820714,2.601996739,0.103950173
*CC(*)C(=O)N(C)C,1.073801453,1.503318492,2.767909267,0.254840576
*CC(*)(C)C(=O)OCCOC,1.090293836,1.451867273,3.331207838,0.229867686
*CC(*)(C)C(=O)OCC(C)O,1.091888654,1.45535081,2.881868872,0.247322516
*CC(*)(C)C(=O)OCCC#N,1.090917117,1.460377291,3.514031802,0.215065114
*CC(*)(C)C(=O)OCCO[N+](=O)[O-],1.264027777,1.461019485,3.478908476,0.219332193
*CC(*)(C)C(=O)OCCS(=O)CC,1.144553412,1.477885642,3.7316264,0.23559466
*CC(*)(C)C(=O)Oc1ccc(CC#N)cc1,1.116884827,1.537269676,3.47936284,0.207428616
*CC(*)(C)C(=O)Oc1ccc(C(=O)OC)cc1,1.164528174,1.536821048,2.776957024,0.243504441
*CC(*)(CC)C(=O)OCC,0.972122176,1.431091039,2.184063019,0.205025977
*CC(*)(CC(=O)OCC)C(=O)OCC,1.072165826,1.427117523,2.390894121,0.226726356
*CC(*)(CC(=O)OCCCC)C(=O)OCCCC,1.022044666,1.444373996,2.390872916,0.23939117
*CC(*)(CC(=O)OC1CCCCC1)C(=O)OC1CCCCC1,0.987497028,1.427093947,2.159469532,0.173081052
*CC(*)(CC(=O)OCC1CCCCC1)C(=O)OCC1CCCCC1,1.013959173,1.451480266,2.26732888,0.205021412
*CC(*)(CC(=O)OCCC1CCCCC1)C(=O)OCCC1CCCCC1,1.008079519,1.456626833,2.295536056,0.217195568
*CC(*)(CC(=O)OCCCC1CCCCC1)C(=O)OCCCC1CCCCC1,1.006667282,1.463735436,2.256789548,0.238263021
*CC(*)(CC(=O)Oc1ccccc1)C(=O)Oc1ccccc1,1.158608395,1.534911662,2.631022556,0.188229452
*CC(*)(CC(=O)OCc1ccccc1)C(=O)OCc1ccccc1,1.151577723,1.525900821,2.578072651,0.203256306
*CC(*)(CC(=O)OCCc1ccccc1)C(=O)OCCc1ccccc1,1.130052948,1.516680242,2.472595914,0.202653643
*CC(*)(CC(=O)OCCCc1ccccc1)C(=O)OCCCc1ccccc1,1.119451787,1.530727217,2.488668976,0.210081521
*CC(*)(C)C(=O)Oc1ccc(C#N)cc1,1.126426327,1.553561962,2.72716991,0.199831364
*CC(*)(CC(=O)OC)C(=O)OC,1.129334605,1.431420373,2.676556546,0.211788328
*C(*)C(=O)OCC,1.092477839,1.444107937,2.436809773,0.225814865
*C(*)C(=O)OC,1.150760389,1.440699695,2.680231407,0.222112653
*C(*)C(=O)OCCC,1.065852977,1.455676041,2.467805353,0.244933508
*CC(*)(CC(=O)OCCC)C(=O)OCCC,1.041623299,1.43553303,2.395863395,0.225769616
*CC(*)C(=O)OCCO,1.225132744,1.483896322,3.933671204,0.297878745
*CC(*)(CCC(C)C(=O)OC)C(=O)OC,1.042726823,1.424690696,2.565134856,0.238137173
*CC(*)C(=O)OC1CCCCCCCCCCC1,0.962713613,1.459065226,2.228454637,0.245455632
*C(C*)Cl,1.332667324,1.531893889,2.65908461,0.142730624
*C(C*)(F)F,1.54254368,1.417747363,2.480748351,0.148188116
*CC(*)(Cl)Cl,1.610770482,1.556668229,2.568229943,0.096200541
*C(F)C(*)(F)F,1.798577625,1.38194746,2.399415453,0.14138687
*C(F)(F)C(F)(F)*,1.914482486,1.339307992,1.869600373,0.19501973
*C(C(*)(F)F)(Cl)F,1.892081877,1.410850682,2.040913501,0.119922243
*CCC=C(*)Cl,1.195057514,1.561980595,2.624257518,0.156164169
*C(F)(F)C(*)(F)C(F)(F)F,1.790591386,1.299258017,1.733359956,0.082200976
*/C(=C/CC*)C,0.883356872,1.527954759,2.381118434,0.304049871
*CC/C=C(\*)C,0.879252837,1.531125021,2.375877008,0.232021285
*CC/C=C(/*)Cl,1.20676381,1.556606368,3.001749418,0.170304562
*CC/C=C(\*)Cl,1.197366557,1.563184376,2.583427937,0.150572404
*CC(*)C=C,0.865584799,1.510415103,2.339941431,0.273513817
*CCC=C(*)C,0.879267279,1.531134009,2.374177559,0.231880959
*OCC*,1.105420268,1.505800532,4.089130909,0.228362211
*OC(C*)C,1.011307994,1.481373304,2.561327913,0.239033549
*CC(CCl)O*,1.33405247,1.505692186,4.03197252,0.164668029
*CCCCO*,0.972439816,1.470156657,3.001241706,0.280752907
*Oc1c(cc(cc1C)*)C,1.005290106,1.525201209,2.360062375,0.250026591
*Oc1c(OC)cc(*)cc1OC,1.179002973,1.544880701,2.887769197,0.240386045
*Oc1c(-c2ccccc2)cc(*)cc1-c1ccccc1,1.070064482,1.636654628,2.720688026,0.184951114
*C(=O)OCCOC(=O)c1ccc(*)o1,1.294258311,1.503340854,2.701213308,0.228261215
*CCOCCOC(=O)c1cccc(C(=O)O*)c1,1.245569001,1.548133121,2.913103513,0.215430956
*CCOc1ccc(C(=O)OCCOC(=O)c2ccc(O*)cc2)cc1,1.239214752,1.605176045,2.921986017,0.247366967
*CCCCOc1ccc(C(=O)OCCOC(=O)c2ccc(O*)cc2)cc1,1.19443613,1.592199633,2.834506059,0.250970317
*Oc1ccc(NC(=O)c2cccc(C(=O)Nc3ccc(*)cc3)c2)cc1,1.224593369,1.687047046,3.510300344,0.300233168
*Oc1ccc(cc1)S(=O)(=O)c1ccc(cc1)*,1.28108858,1.605589302,2.930537584,0.203838738
*Oc1ccc(cc1)S(=O)(=O)c1ccc(cc1)Oc1ccc(cc1)C(c1ccc(cc1)*)(C)C,1.170201666,1.607264823,2.832093469,0.210272564
*Oc1ccc(S(=O)(=O)c2ccc(Oc3ccc(Cc4ccc(*)cc4)cc3)cc2)cc1,1.212082381,1.641950085,2.908846604,0.211169803
*Oc1ccc(cc1)C(c1ccc(cc1)OCC(C*)O)(C)C,1.10386877,1.572661203,2.781006007,0.22967917
*CC1CC(*)OC(CCC)O1,1.00771137,1.450395244,2.209739196,0.253400518
*Oc1ccc(cc1)Oc1ccc(cc1)C(=O)c1ccc(cc1)*,1.198377884,1.675128633,3.015799582,0.28329363
*Oc1cccc(S(=O)(=O)c2ccc(*)cc2)c1,1.288531372,1.605753761,2.970835879,0.169806655
*Oc1ccc(S(=O)(=O)c2ccc(Oc3ccc(C(c4ccc(*)cc4)(C(F)(F)F)C(F)(F)F)cc3)cc2)cc1,1.323061114,1.554668455,2.600553045,0.162123893
*Oc1ccc(S(=O)(=O)c2ccc(Oc3c(C)cc(C(C)(C)c4cc(C)c(*)c(C)c4)cc3C)cc2)cc1,1.070009763,1.555279367,2.563763657,0.207453817
*Oc1ccc(S(=O)(=O)c2ccc(Oc3ccc(-c4ccc(*)cc4)cc3)cc2)cc1,1.222343047,1.661888766,2.982029289,0.234731231
*Oc1ccc(Oc2ccc(Oc3ccc(S(=O)(=O)c4ccc(*)cc4)cc3)cc2)cc1,1.248920055,1.637180433,2.914860468,0.229938844
*c1ccc(-c2nc3cc4nc(*)oc4cc3o2)cc1,1.247908509,1.694797265,2.983198288,0.23968083873457946
*CCOCC(=O)O*,1.268466225,1.479198657,3.746118063,0.238989416
*CCOCCOC(=O)c1ccc(-c2ccc(C(=O)O*)cc2)cc1,1.215132769,1.624495672,3.04398634,0.253846443
*Oc1ccc(S(=O)(=O)c2ccc(Oc3ccc(C(=O)c4cccc(C(=O)c5ccc(*)cc5)c4)cc3)cc2)cc1,1.236059497,1.66627398,3.098779586,0.213575422
*CCCCCCOC(=O)Nc1ccc(C)c(NC(=O)OCCCCCCOc2ccc(-c3ccc(O*)cc3)cc2)c1,1.118434945,1.555708936,23.05234692,0.272492356
*CS*,1.336947333,1.634752281,4.723169461,0.14812712
*CCS*,1.177956772,1.591930354,4.092985094,0.22117529
*CCCSS*,1.238118081,1.589890127,3.650513952,0.150655425
*Sc1ccc(cc1)*,1.261029827,1.694528789,2.896110877,0.165856187
*Oc1ccc(Sc2ccc(OC(*)=O)cc2)cc1,1.293120554,1.657071211,3.140116243,0.215699363
*OC(=O)CCC(=O)OCC*,1.246335829,1.452628413,3.023285018,0.237840575
*CCCCOC(=O)CCC(=O)O*,1.154960967,1.454791233,3.204721053,0.239020305
*OC(=O)CCCCCCCCC(=O)OCC*,1.057392621,1.461469193,3.103530355,0.257154282
*CCCCCCOC(=O)CCCCCCCCC(=O)O*,1.007846324,1.459521721,2.988859115,0.281178878
*OC(=O)c1ccc(cc1)C(=O)OCC*,1.261154371,1.569210438,2.838075759,0.235166491
*OC(=O)c1cc(ccc1)C(=O)OCC*,1.261721783,1.560906911,2.874569079,0.200585896
*OC(=O)c1ccc(cc1)C(=O)OCCCC*,1.189183518,1.548964193,2.770746025,0.25637618
*CCCCCCOC(=O)c1ccc(C(=O)O*)cc1,1.133047244,1.53242869,2.662883641,0.254809517
*Oc1ccc(cc1)C(c1ccc(cc1)OC(=O)c1ccc(cc1)C(=O)*)(C)C,1.155215268,1.616100982,2.9477048,0.27751155
*Oc1ccc(cc1)C(c1ccc(cc1)OC(=O)c1cc(ccc1)C(=O)*)(C)C,1.151161684,1.605787366,2.93625025,0.244415588
*OC(=O)c1cc2c(cc1)ccc(c2)C(=O)OCC*,1.252920519,1.647560349,3.054642754,0.22543537
*OC(=O)c1cc2c(cc1)cc(cc2)C(=O)OCC*,1.247957049,1.642146314,2.995013992,0.225246348
*CCCCOC(=O)CCCCC(=O)O*,1.098279802,1.455359731,3.1480686,0.259346678
*Oc1ccc(C2(c3ccc(OC(=O)c4cccc(C(*)=O)c4)cc3)c3ccccc3-c3ccccc32)cc1,1.142864316,1.631795712,2.921018135,0.216708127
*CCOC(=O)c1cccc2c(C(=O)O*)cccc12,1.280732292,1.642244096,3.155762879,0.212331447
*CCOC(=O)c1ccc(C(=O)O*)c2ccccc12,1.278256039,1.642302226,3.188176518,0.211562934
*CCCCCC(=O)O*,1.05306867,1.457510231,3.13536308,0.249772695
*CCCOC(=O)c1ccc(C(=O)O*)cc1,1.225085012,1.558926216,2.810134036,0.241216197
*Oc1ccc(cc1)c1ccc(cc1)OC(=O)CCCCCC(=O)*,1.161102833,1.591135441,3.406919676,0.265574997
*Oc1ccc(-c2ccc(OC(=O)CCCCCCC(*)=O)cc2)cc1,1.147470002,1.598825556,3.295997675,0.283829933
*Oc1ccc(-c2ccc(OC(=O)CCCCCCCC(*)=O)cc2)cc1,1.127920817,1.58900094,3.455883971,0.286484859
*Oc1ccc(-c2ccc(OC(=O)CCCCCCCCC(*)=O)cc2)cc1,1.112212656,1.556677713,3.023670163,0.290122557
*Oc1ccc(-c2ccc(OC(=O)CCCCCCCCCC(*)=O)cc2)cc1,1.096091641,1.551926674,3.696044444,0.275167556
*Oc1c(cc(cc1)OC(=O)c1ccc(cc1)c1ccc(cc1)C(=O)*)C,1.191900763,1.675521174,3.140160757,0.362079429
*Oc1ccc(cc1)S(=O)(=O)c1ccc(cc1)OC(=O)c1ccc(cc1)C(=O)*,1.295290371,1.627999456,3.153837645,0.251101033
*Oc1ccc(-c2ccc(OC(=O)CCCCCCCCCCC(*)=O)cc2)cc1,1.074880475,1.530770329,4.662531079,0.274021583
*Oc1ccc(-c2ccc(OC(=O)CCCCCCCCCCCC(*)=O)cc2)cc1,1.067563249,1.529435804,9.974663681,0.299849025
*Oc1ccc(-c2ccc(OC(=O)CCCCCCCCCCCCC(*)=O)cc2)cc1,1.055075595,1.530134928,19.91780659,0.279614546
*CC1CCC(COC(=O)CCC(=O)O*)CC1,1.095695892,1.462062312,2.982738784,0.229884201
*OC(C)CC(*)=O,1.127753263,1.463490139,2.820362409,0.215459839
*OC(C)C(*)=O,1.143181088,1.444010493,2.676387283,0.210749746
*CC(C)(CCC)C(=O)O*,0.977575428,1.433882758,2.376844402,0.211231836
*OC(=O)c1ccc(cc1)c1ccc(cc1)C*,1.159458454,1.657205338,2.939289258,0.272842323
*CC1CCC(COC(=O)CCCCCCCCC(=O)O*)CC1,1.015688244,1.460946306,2.677477382,0.262542365
*OC(=O)c1ccc(cc1)C(=O)NCCNC(=O)c1ccc(cc1)C(=O)OCCCCCCCCCC*,1.120724694,1.556504477,3.798442891,0.259588395
*CCOC(=O)C1CCC(C(=O)O*)CC1,1.143004225,1.453394512,2.531684781,0.235244695
*OC(=O)c1ccc(cc1)c1ccc(cc1)C(=O)OCC*,1.216011342,1.647309034,3.009010148,0.256386682
*OC(=O)CCCCCNC(=O)CCCCC(=O)NCCCCCC(=O)OCCCCCC*,1.050883779,1.475150324,4.749522001,0.274848798
*CCCCCCOC(=O)CCCCCCCC(=O)O*,1.015595931,1.455784196,2.885066936,0.283677138
*CCCCCCOC(=O)c1ccc(-c2ccc(C(=O)O*)cc2)cc1,1.134208413,1.603989202,2.817148917,0.280572663
*CC(C)(C)COC(=O)CCC(=O)O*,1.115437049,1.449878615,2.946512802,0.228303005
*Oc1ccc(cc1)C(c1ccc(cc1)OC(=O)CCCCC(=O)*)(C)C,1.124186495,1.555786384,3.037271082,0.248641039
*CCCCCCOC(=O)c1ccc2cc(C(=O)O*)ccc2c1,1.146197488,1.581702764,2.717223736,0.255211674
*CCCCCOC(=O)c1ccc2cc(C(=O)O*)ccc2c1,1.167601884,1.60470978,2.809632983,0.227057601
*CCCCOC(=O)c1ccc2cc(C(=O)O*)ccc2c1,1.188931644,1.616431259,2.863960318,0.224493248
*CCCOC(=O)c1ccc2cc(C(=O)O*)ccc2c1,1.218378703,1.631092049,2.933549514,0.242269675
*CCCCNC(=O)CCCCC(=O)N*,1.083299251,1.492604053,2.853371512,0.292070546
*NC(=O)CCCCC*,1.03275758,1.487856956,2.566757907,0.291903519
*NC(=O)CCCCC(=O)NCCCCCC*,1.044116952,1.486326166,2.689310687,0.307882451
*NC(=O)CCCCCCCCC(=O)NCCCCCC*,0.995086638,1.483136558,2.558120023,0.308756347
*CCCCCCC(=O)N*,1.007716443,1.487721396,2.575724344,0.310631867
*NC(=O)CCCCCCC*,0.982123104,1.481335922,2.489123394,0.304778171
*CCCCCCCCNC(=O)CCCCCCCCC(=O)N*,0.968044043,1.5491656986893023,4.866414496933953,0.269519554
*CCCCCCCCC(=O)N*,0.967908774,1.47658409,2.466841336,0.307321668
*CCCCCCCCCC(=O)N*,0.953326288,1.473702932,2.439864529,0.30774671
*NC(=O)CCCCCCCCCC*,0.942641615,1.474487608,2.381607652,0.318229487
*CCCCCCCCCCCC(=O)N*,0.934153202,1.472960213,2.401220684,0.324815751
*CCCCCCCCCCCCC(=O)N*,0.930849554,1.475085325,2.388079511,0.341259433
*NC(=O)c1ccc(cc1)CC(=O)NCCCCCC*,1.107782256,1.528672565,2.858742226,0.282521025
*NC(=O)c1cc(ccc1)C(=O)Nc1ccc(cc1)c1ccc(cc1)*,1.197547175,1.706271678,3.536551858,0.351335092
*CCCCCCNC(=O)c1cccc(C(=O)N*)c1,1.109504305,1.548539802,2.949468682,0.261246475
*NC(=O)c1ccc(cc1)CC(=O)NCCC*,1.176155999,1.564005543,3.157812219,0.265458671
*NC1CC(C)(C)CC(C)(CNC(=O)CCCCC(*)=O)C1,1.024946752,1.477000143,2.708500172,0.236903048
*Cc1cccc(CNC(=O)CCCCC(=O)N*)c1,1.139825525,1.539207835,3.058577083,0.254557959
*NC(=O)c1ccc(cc1)C(=O)Nc1ccc(cc1)*,1.255555241,1.688999474,3.508462981,0.472805266
*NC(=O)c1ccc(cc1)C(=O)Nc1ccc(cc1)c1ccc(cc1)*,1.209706739,1.726644439,3.407954116,0.576386159
*NC(=O)c1ccc(cc1)C(=O)NCCCCCC*,1.117494398,1.560033727,2.971105193,0.293312511
*CCCCCCCCCNC(=O)c1ccc(C(=O)N*)cc1,1.067236111,1.54453047,2.805201776,0.305511131
*S(=O)(=O)c1ccc(cc1)NC(=O)CCCCC(=O)Nc1ccc(cc1)*,1.254164268,1.624648042,3.428131463,0.241731039
*NC(=O)C*,1.369447371,1.579752113,4.144525991,0.375345394
*NC(CCC(=O)OC)C(*)=O,1.214403667,1.48124853,3.123874162,0.256652184
*C(=O)CCCCCCCCC(=O)N1CCN(*)CC1,1.068360477,1.498163027,2.760001431,0.32743928
*CCCC(=O)N*,1.127730068,1.512029532,2.92854942,0.294452199
*CCCCNC(=O)CCCCCCC(=O)N*,1.039221522,1.483415999,2.673268372,0.295312596
*CCCCNC(=O)CCCCCCCCC(=O)N*,1.014070913,1.481953032,2.666637736,0.301718016
*CCCCCCCCCCCNC(=O)CCCCC(=O)N*,0.985499697,1.473117377,2.526538496,0.299843971
*CCCCCCCCCCCCNC(=O)CCCCCCCCCCC(=O)N*,0.938539349,1.455835976,40.70191243,0.304591986
*NC(=O)c1ccc(cc1)c1ccc(cc1)C(=O)NCCCCCC*,1.119969092,1.62520733,3.099956092,0.289397059
*NC(=O)c1ccc(cc1)C(c1ccc(cc1)C(=O)NCCCCCC*)(C)C,1.067141423,1.567150219,2.882630621,0.257140127
*CCCCCCCCCCC(=O)N(*)C,0.943846152,1.479053358,2.488797151,0.308782805
*N(C(=O)CCCCC(=O)NCCCCCC*)C,1.018037716,1.5491656986893023,4.866414496933953,0.259093819
*N(C(=O)CCCCC(=O)N(CCCCCC*)C)C,1.018654286,1.471648085,2.789955888,0.281252179
*N1C(CCC1)C(=O)*,1.145243929,1.515330739,2.830634582,0.222937579
*NC(C(=O)*)CCC(=O)OCc1ccccc1,1.183555324,1.535216231,2.899031212,0.218660431
*NC(C(=O)*)C,1.157414618,1.509395552,3.224403582,0.252148669
*NC1CCC(CC2CCC(NC(=O)CCCCCCCCCCCCC(*)=O)CC2)CC1,0.965050795,1.477476003,12.27285845,0.31314051
*NC(CCC(=O)OCCCCC)C(*)=O,1.07025453,1.462076202,2.609150944,0.259084812
*NC(CCC(=O)OCCCCCC)C(*)=O,1.044189532,1.458119233,2.622410449,0.271224405
*NC(CCC(=O)OCC)C(*)=O,1.16338802,1.473742835,2.854947808,0.256531849
*NC(CCC(=O)OCCC)C(*)=O,1.127131081,1.468416983,2.733837612,0.251335537
*N(C(=O)c1ccc(cc1)C(=O)N(CCCC*)C)C,1.101612309,1.550012714,2.974445314,0.243271486
*CCCCCCNC(=O)c1ccc(C2(C)CC(C)(C)c3ccc(C(=O)N*)cc32)cc1,1.041144622,1.54337034,2.766312739,0.232150722
*OC(=O)NCCCCC*,1.101397289,1.478104255,2.532597215,0.315674518
*OC(=O)NCCCCCCNC(=O)OCCCC*,1.107872925,1.465010055,2.580426537,0.309061654
*OC(=O)NCC(C(C(C(CNC(=O)OCCCC*)(F)F)(F)F)(F)F)(F)F,1.482697952,1.397768531,2.552037346,0.192064224
*OC(=O)Nc1ccc(cc1)Cc1ccc(cc1)NC(=O)OCCCCCC*,1.151383671,1.588882512,2.885025084,0.281163344
*OC(=O)Nc1ccc(cc1)Cc1ccc(cc1)NC(=O)OCc1cc(ccc1)C*,1.201795395,1.632160671,3.126676769,0.252292339
*OC(=O)Nc1ccc(cc1)NC(=O)OCC*,1.317378403,1.60460324,3.282142039,0.296677392
*OC(=O)Nc1cc(ccc1)NC(=O)OCC*,1.331542248,1.604501407,3.319805662,0.261495011
*OC(=O)Nc1ccc(cc1)NC(=O)OCCCCCC*,1.184271643,1.562127565,2.926149303,0.321009139
*OC(=O)Nc1ccc(cc1)c1ccc(cc1)NC(=O)OCC*,1.262967845,1.672712189,3.286698196,0.321865027
*OC(=O)Nc1c2c(ccc1)c(ccc2)NC(=O)OCC*,1.279596762,1.642324349,3.32938688,0.255175643
*NC(=O)NCCCCCC*,1.028709227,1.478166117,2.468645381,0.325494009
*NC(=O)NCc1ccc(cc1)CNC(=O)NCCCCCC*,1.118167941,1.546897204,2.863690786,0.292985918
*NC(=O)NCCCCCCNC(=O)Nc1ccc(cc1)Cc1ccc(cc1)*,1.122795344,1.578688388,2.900496872,0.291631414
*NC(=O)Nc1ccc(cc1)Cc1ccc(cc1)*,1.15509391,1.635532522,3.049750397,0.347852967
*C(CCCCNC(=O)NCCCCCCNC(=O)N*)C(=O)OC,1.099894242,1.472907053,2.67287807,0.302361161
*c1ccc(Oc2ccc(N3C(=O)c4cc5C(=O)N(*)C(=O)c5cc4C3=O)cc2)cc1,1.286371335,1.664290328,3.032112368,0.42519848
*c1ccc(Oc2ccc(Oc3ccc(N4C(=O)c5cc6C(=O)N(*)C(=O)c6cc5C4=O)cc3)cc2)cc1,1.27413335,1.675458317,3.027504903,0.343936522
*C(=O)Oc1ccc(OC(=O)c2ccc3c(c2)C(=O)N(c2ccc(Oc4ccc(N5C(=O)c6ccc(*)cc6C5=O)cc4)cc2)C3=O)cc1,1.298210162,1.687049612,7.387450786,0.351158377
*c1ccc(Sc2ccc(-n3c(=O)c4cc5c(=O)n(*)c(=O)c5cc4c3=O)cc2)cc1,1.292784022,1.689416276,3.105056653,0.277607792
*n1c(=O)c2cc3c(cc2c1=O)c(=O)n(c3=O)CCCCCCCCC*,1.170652605,1.553607174,2.673205036,0.291014208
*n1c(=O)c2cc3c(cc2c1=O)c(=O)n(c3=O)c1cc2Cc3c(c2cc1)ccc(c3)*,1.214836732,1.660387226,2.994350809,0.23968083873457946
*c1ccc(Oc2ccc(N3C(=O)c4ccc(Oc5ccc6c(c5)C(=O)N(*)C6=O)cc4C3=O)cc2)cc1,1.269137831,1.683667475,3.101733391,0.318102166
*c1cc2c(C(=O)N(C2=O)c2ccc(cc2)S(=O)(=O)c2ccc(cc2)N2C(=O)c3c(C2=O)cc(cc3)C(=O)Nc2ccc(cc2)NC(=O)*)cc1,1.292534878,1.691501634,15.26005,0.302433401
*c1ccc2c(c1)C(=O)N(c1ccc(Cc3ccc(N4C(=O)c5ccc(C(F)(F)C(F)(F)C(*)(F)F)cc5C4=O)cc3)cc1)C2=O,1.327992966,1.59286088,2.728715929,0.201372992
*c1cc2c(C(=O)N(C2=O)c2ccc(cc2)Oc2ccc(cc2)N2C(=O)c3c(C2=O)cc(cc3)C(C(C(*)(F)F)(F)F)(F)F)cc1,1.358626774,1.603327933,2.785034439,0.221414687
*c1cc2c(C(=O)N(C2=O)c2ccc(cc2)S(=O)(=O)c2ccc(cc2)N2C(=O)c3c(C2=O)cc(cc3)C(=O)Nc2ccc(cc2)Oc2ccc(cc2)NC(=O)*)cc1,1.279176196,1.689713991,56.60371757,0.288809096
*c1ccc(-c2ccc(-c3ccc(-n4c(=O)c5cc6c(=O)n(*)c(=O)c6cc5c4=O)cc3)cc2)cc1,1.11034621,1.63449035,2.857902398,0.23968083873457946
*c1ccc(Cc2ccc(-n3c(=O)c4cc5c(=O)n(*)c(=O)c5cc4c3=O)c(C)c2)cc1C,1.13806991,1.587734349,2.716217395,0.315176584
*c1ccc(N2C(=O)c3cc4C(=O)N(*)C(=O)c4cc3C2=O)cc1,1.266168237,1.614856638,2.926982088,0.23968083873457946
*c1ccc(-c2ccc(-n3c(=O)c4cc5c(=O)n(*)c(=O)c5cc4c3=O)cc2)cc1,1.18724436,1.63587423,2.91875251,0.23968083873457946
*c1ccc(-c2ccc(-n3c(=O)c4cc5c(=O)n(*)c(=O)c5cc4c3=O)c(C)c2)cc1C,1.085667358,1.572486535,2.662847406,0.581158989
*c1ccc(-c2ccc(-n3c(=O)c4cc5c(=O)n(*)c(=O)c5cc4c3=O)c(OC)c2)cc1OC,1.102881086,1.550618677,2.697589756,0.515087068
*c1cccc(N2C(=O)c3cc4C(=O)N(*)C(=O)c4cc3C2=O)c1,1.294253824,1.631966433,2.992578105,0.335322506
*c1ccc(-n2c(=O)c3cc4c(=O)n(*)c(=O)c4cc3c2=O)c(C)c1,1.159593797,1.552922196,2.66841259,0.618759937
*c1cccc(-n2c(=O)c3cc4c(=O)n(*)c(=O)c4cc3c2=O)c1C,1.169276438,1.558545508,2.68453515,0.347931798
*c1c(C)c(C)c(-n2c(=O)c3cc4c(=O)n(*)c(=O)c4cc3c2=O)c(C)c1C,0.999149898,1.480111967,2.371956086,0.514344047
*c1ccc(Oc2cccc(Oc3ccc(N4C(=O)c5cc6C(=O)N(*)C(=O)c6cc5C4=O)cc3)c2)cc1,1.299910742,1.691269046,3.111781705,0.289920789
*c1ccc(Oc2ccc(-c3ccc(Oc4ccc(-n5c(=O)c6cc7c(=O)n(*)c(=O)c7cc6c5=O)cc4)cc3)cc2)cc1,1.236301542,1.697648253,3.071443083,0.419114901
*c1cccc(Oc2ccc(S(=O)(=O)c3ccc(Oc4cccc(-n5c(=O)c6cc7c(=O)n(*)c(=O)c7cc6c5=O)c4)cc3)cc2)c1,1.296610121,1.640366203,2.968132978,0.218423483
*c1ccc(Oc2ccc(C(c3ccc(Oc4ccc(-n5c(=O)c6cc7c(=O)n(*)c(=O)c7cc6c5=O)cc4)cc3)(C(F)(F)F)C(F)(F)F)cc2)cc1,1.308564776,1.596235937,2.717435893,0.219568135
*c1ccc(Oc2ccc(C(C)(C)c3ccc(Oc4ccc(N5C(=O)c6cc7C(=O)N(*)C(=O)c7cc6C5=O)cc4)cc3)cc2)cc1,1.199178113,1.646527408,6.112464036,0.291997587
*c1ccc(Oc2ccc(N3C(=O)c4ccc(-c5ccc6c(c5)C(=O)N(*)C6=O)cc4C3=O)cc2)cc1,1.246919536,1.696315759,3.119974493,0.349285387
*c1ccc(Oc2ccc(N3C(=O)c4ccc(-c5cccc6c5C(=O)N(*)C6=O)cc4C3=O)cc2)cc1,1.225730173,1.668632271,3.051365264,0.246678175
*N1C(=O)c2c(C1=O)cc(cc2)c1cc2c(C(=O)N(C2=O)c2ccc(cc2)Sc2ccc(cc2)*)cc1,1.250402987,1.71551624,3.176628259,0.266032562
*c1ccc(Cc2ccc(N3C(=O)c4ccc(-c5ccc6c(c5)C(=O)N(*)C6=O)cc4C3=O)cc2)cc1,1.211868653,1.684191569,3.057851825,0.310513378
*c1ccc2c(c1)Cc1cc(N3C(=O)c4ccc(-c5ccc6c(c5)C(=O)N(*)C6=O)cc4C3=O)ccc1-2,1.225343754,1.718093997,3.17237515,0.460950768
*N1C(=O)c2c(C1=O)cc(cc2)c1cc2c(C(=O)N(C2=O)c2ccc(cc2)c2ccc(cc2)*)cc1,1.230326659,1.717987047,3.183380839,0.509455585
*c1ccc(N2C(=O)c3ccc(-c4ccc5c(c4)C(=O)N(*)C5=O)cc3C2=O)cc1,1.270230048,1.692657247,3.144087749,0.481624413
*c1cccc(N2C(=O)c3ccc(-c4ccc5c(c4)C(=O)N(*)C5=O)cc3C2=O)c1,1.239575297,1.671368206,3.075169433,0.328084105
*c1ccc(C)c(N2C(=O)c3ccc(-c4ccc5c(c4)C(=O)N(*)C5=O)cc3C2=O)c1,1.184934256,1.631810841,2.932113033,0.275354427
*c1ccc(N2C(=O)c3ccc(-c4ccc5c(c4)C(=O)N(*)C5=O)cc3C2=O)c(C)c1,1.175877728,1.626305608,2.886291693,0.374689314
*c1cccc(N2C(=O)c3ccc(-c4ccc5c(c4)C(=O)N(*)C5=O)cc3C2=O)c1C,1.15533487,1.612638363,2.842133324,0.301425488
*c1ccc(-c2ccc(N3C(=O)c4ccc(-c5ccc6c(c5)C(=O)N(*)C6=O)cc4C3=O)c(C)c2)cc1C,1.130906275,1.644640772,2.898077883,0.46287727
*c1ccc(-c2ccc(N3C(=O)c4ccc(-c5ccc6c(c5)C(=O)N(*)C6=O)cc4C3=O)c(OC)c2)cc1OC,1.132406041,1.612780428,2.874489216,0.401240453
*c1ccc(-c2ccc(-c3ccc(N4C(=O)c5ccc(-c6ccc7c(c6)C(=O)N(*)C7=O)cc5C4=O)cc3)cc2)cc1,1.18947831,1.730378697,3.188416615,0.51076025
*c1cccc2c(N3C(=O)c4ccc(-c5ccc6c(c5)C(=O)N(*)C6=O)cc4C3=O)cccc12,1.148099012,1.624298845,2.847603398,0.315217824
*c1ccc(Cc2ccc(N3C(=O)c4ccc(-c5ccc6c(c5)C(=O)N(*)C6=O)cc4C3=O)c(C)c2)cc1C,1.128546241,1.622787034,2.824148895,0.279064652
*c1ccc(N2C(=O)c3ccc(-c4ccc5c(c4)C(=O)N(*)C5=O)cc3C2=O)nc1,1.260613162,1.666513139,3.128408701,0.482912726
*c1ccc(Oc2ccc(-c3ccc(Oc4ccc(N5C(=O)c6ccc(-c7ccc8c(c7)C(=O)N(*)C8=O)cc6C5=O)cc4)cc3)cc2)cc1,1.208662152,1.709310385,44.02618375,0.339042351
*c1ccc(Oc2ccc(C(C)(C)c3ccc(Oc4ccc(N5C(=O)c6ccc(-c7ccc8c(c7)C(=O)N(*)C8=O)cc6C5=O)cc4)cc3)cc2)cc1,1.185849635,1.667246409,25.3750101,0.317184763
*c1ccc(Oc2ccc(C(c3ccc(Oc4ccc(N5C(=O)c6ccc(-c7ccc8c(c7)C(=O)N(*)C8=O)cc6C5=O)cc4)cc3)(C(F)(F)F)C(F)(F)F)cc2)cc1,1.276047621,1.611969639,11.03110771,0.230715582
*c1cccc(Oc2ccc(S(=O)(=O)c3ccc(Oc4cccc(N5C(=O)c6ccc(-c7ccc8c(c7)C(=O)N(*)C8=O)cc6C5=O)c4)cc3)cc2)c1,1.27232919,1.685897412,10.92204329,0.227124785
*N1C(=O)c2c(C1=O)cc(cc2)Oc1cc2c(C(=O)N(C2=O)CCCCCC*)cc1,1.227589336,1.596058125,2.843765561,0.218711009
*c1ccc(N2C(=O)c3ccc(Oc4ccc5c(c4)C(=O)N(*)C5=O)cc3C2=O)cc1,1.284415042,1.662539778,3.073328178,0.341065511
*N1C(=O)c2c(C1=O)cc(cc2)Oc1cc2c(C(=O)N(C2=O)c2ccc(cc2)c2ccc(cc2)*)cc1,1.23593461,1.693358502,3.112791597,0.314812658
*c1cccc(Oc2ccc(N3C(=O)c4ccc(Oc5ccc6c(c5)C(=O)N(*)C6=O)cc4C3=O)cc2)c1,1.271392185,1.685486891,3.102892112,0.248953031
*c1ccc(Oc2cccc(Oc3ccc(N4C(=O)c5ccc(Oc6ccc7c(c6)C(=O)N(*)C7=O)cc5C4=O)cc3)c2)cc1,1.270104981,1.660801994,3.851704367,0.239797409
*c1ccc(Oc2ccc(Oc3ccc(N4C(=O)c5ccc(Oc6ccc7c(c6)C(=O)N(*)C7=O)cc5C4=O)cc3)cc2)cc1,1.250215209,1.684983201,3.060339408,0.260809088
*c1cccc(Oc2ccc(N3C(=O)c4ccc(C(c5ccc6c(c5)C(=O)N(*)C6=O)(C(F)(F)F)C(F)(F)F)cc4C3=O)cc2)c1,1.305857302,1.566360904,2.652345954,0.170631828
*c1ccc(Oc2ccc(N3C(=O)c4ccc(C(c5ccc6c(c5)C(=O)N(*)C6=O)(C(F)(F)F)C(F)(F)F)cc4C3=O)cc2)cc1,1.301214948,1.563665756,2.643113976,0.205297018
*c1ccc(Oc2ccc(Oc3ccc(N4C(=O)c5ccc(C(c6ccc7c(c6)C(=O)N(*)C7=O)(C(F)(F)F)C(F)(F)F)cc5C4=O)cc3)cc2)cc1,1.291041814,1.584610532,2.696077039,0.20429123
*c1ccc2c(c1)C(=O)N(c1ccc(Oc3cccc(Oc4ccc(N5C(=O)c6ccc(C(*)(C(F)(F)F)C(F)(F)F)cc6C5=O)cc4)c3)cc1)C2=O,1.306690546,1.599583635,9.034375594,0.179360522
*c1ccc2c(c1)C(=O)N(c1cccc(Oc3cccc(Oc4cccc(N5C(=O)c6ccc(C(*)(C(F)(F)F)C(F)(F)F)cc6C5=O)c4)c3)c1)C2=O,1.30619974,1.541083688,2.873966615,0.163896306
*c1cc2c(C(=O)N(C2=O)c2cc(ccc2)C(=O)c2cc(ccc2)N2C(=O)c3c(C2=O)cc(cc3)C(=O)*)cc1,1.261274943,1.666972009,3.151688091,0.23166303
*c1cc2c(C(=O)N(C2=O)c2cc(ccc2)NC(=O)c2cc(ccc2)N2C(=O)c3c(C2=O)cc(cc3)C(=O)*)cc1,1.277306466,1.680344948,3.306726742,0.248247801
*C(=O)c1ccc2c(c1)C(=O)N(c1cccc(C(=O)Nc3ccc(N4C(=O)c5ccc(*)cc5C4=O)cc3)c1)C2=O,1.276055396,1.698516813,3.350387431,0.282680928
*C(=O)c1ccc2c(c1)C(=O)N(c1ccc(C(=O)Nc3cccc(N4C(=O)c5ccc(*)cc5C4=O)c3)cc1)C2=O,1.280037721,1.695990131,3.342740207,0.299190121
*C(=O)c1ccc2c(c1)C(=O)N(c1cccc(C(=O)N(C)c3ccc(N4C(=O)c5ccc(*)cc5C4=O)cc3)c1)C2=O,1.248995932,1.650202965,3.076685533,0.253404651
*C(=O)c1ccc2c(c1)C(=O)N(c1ccc(Oc3ccc(C(=O)c4cccc(C(=O)c5ccc(Oc6ccc(N7C(=O)c8ccc(*)cc8C7=O)cc6)cc5)c4)cc3)cc1)C2=O,1.236641993,1.631908831,28.35651067,0.261879265
*c1cccc(N2C(=O)c3ccc(C(=O)c4ccc5c(c4)C(=O)N(*)C5=O)cc3C2=O)c1,1.262038362,1.646658877,3.047234699,0.246673488
*C(=O)c1ccc2c(c1)C(=O)N(c1ccc(C)c(N3C(=O)c4ccc(*)cc4C3=O)c1)C2=O,1.21870301,1.624337043,2.951301406,0.229606072
*C(=O)c1ccc2c(c1)C(=O)N(c1ccc(N3C(=O)c4ccc(*)cc4C3=O)c(C)c1)C2=O,1.220747915,1.63389638,2.957835304,0.27875452
*C(=O)c1ccc2c(c1)C(=O)N(c1cccc(N3C(=O)c4ccc(*)cc4C3=O)c1C)C2=O,1.20397476,1.606336955,2.868090718,0.256559347
*C(=O)c1ccc2c(c1)C(=O)N(c1c(C)c(C)c(N3C(=O)c4ccc(*)cc4C3=O)c(C)c1C)C2=O,1.095689324,1.556360215,2.666881851,0.259917753
*C(=O)c1ccc2c(c1)C(=O)N(c1ccc(-c3ccc(N4C(=O)c5ccc(*)cc5C4=O)c(C)c3)cc1C)C2=O,1.145826917,1.63085887,2.895411582,0.3105729
*C(=O)c1ccc2c(c1)C(=O)N(c1ccc(-c3ccc(N4C(=O)c5ccc(*)cc5C4=O)c(OC)c3)cc1OC)C2=O,1.18302384,1.625308635,2.96674287,0.299180817
*C(=O)c1ccc2c(c1)C(=O)N(c1ccc(-c3ccc(-c4ccc(N5C(=O)c6ccc(*)cc6C5=O)cc4)cc3)cc1)C2=O,1.203391937,1.724216344,4.653499158,0.373595654
*C(=O)c1ccc2c(c1)C(=O)N(c1ccc3c(c1)Cc1cc(N4C(=O)c5ccc(*)cc5C4=O)ccc1-3)C2=O,1.231381223,1.70785518,3.179070794,0.3325687
*c1ccc(Oc2ccc(N3C(=O)c4ccc(C(=O)c5ccc6c(c5)C(=O)N(*)C6=O)cc4C3=O)cc2)cc1,1.25624388,1.675097097,3.096010527,0.287757726
*C(=O)c1ccc2c(c1)C(=O)N(c1ccc(Sc3ccc(N4C(=O)c5ccc(*)cc5C4=O)cc3)cc1)C2=O,1.267940386,1.70164234,3.175493631,0.237456292
*C(=O)c1ccc2c(c1)C(=O)N(c1ccc(Cc3ccc(N4C(=O)c5ccc(*)cc5C4=O)cc3)cc1)C2=O,1.231157372,1.666584276,3.045726647,0.272615302
*C(=O)c1ccc2c(c1)C(=O)N(c1ccc(Cc3ccc(N4C(=O)c5ccc(*)cc5C4=O)c(C)c3)cc1C)C2=O,1.153645492,1.608704188,2.819369292,0.253414349
*C(=O)c1ccc2c(c1)C(=O)N(c1ccc(N3C(=O)c4ccc(*)cc4C3=O)nc1)C2=O,1.281940946,1.650545855,3.115426584,0.293057796
*C(=O)c1ccc2c(c1)C(=O)N(c1ccc(-c3ccc(N4C(=O)c5ccc(*)cc5C4=O)cc3)cc1)C2=O,1.240794321,1.706749431,3.205797994,0.374004427
*c1ccc(N2C(=O)c3ccc(C(=O)c4ccc5c(c4)C(=O)N(*)C5=O)cc3C2=O)cc1,1.271524595,1.662024712,3.099236211,0.31707915
*c1cc2c(C(=O)N(C2=O)c2cc(ccc2)OCCOCCOc2cc(ccc2)N2C(=O)c3c(C2=O)cc(cc3)C(=O)*)cc1,1.277701247,1.643860173,4.237832653,0.232989048
*C(=O)c1ccc2c(c1)C(=O)N(c1ccc(Oc3ccc(-c4ccc(Oc5ccc(N6C(=O)c7ccc(*)cc7C6=O)cc5)cc4)cc3)cc1)C2=O,1.228224345,1.704393143,12.21405449,0.33194566
*c1ccc(Oc2ccc(C(C)(C)c3ccc(Oc4ccc(N5C(=O)c6ccc(C(=O)c7ccc8c(c7)C(=O)N(*)C8=O)cc6C5=O)cc4)cc3)cc2)cc1,1.202972829,1.661045514,18.60334224,0.278491279
*C(=O)c1ccc2c(c1)C(=O)N(c1ccc(Oc3ccc(C(c4ccc(Oc5ccc(N6C(=O)c7ccc(*)cc7C6=O)cc5)cc4)(C(F)(F)F)C(F)(F)F)cc3)cc1)C2=O,1.29107138,1.611154676,6.160860935,0.230541679
*N1C(=O)c2c(C1=O)cc(cc2)Oc1ccc(cc1)S(=O)(=O)c1ccc(cc1)Oc1cc2c(C(=O)N(C2=O)c2cc(ccc2)S(=O)(=O)c2cc(ccc2)*)cc1,1.297529725,1.652510059,5.027623996,0.196371018
*c1cccc(N2C(=O)c3ccc(Oc4ccc(C(C)(C)c5ccc(Oc6ccc7c(c6)C(=O)N(*)C7=O)cc5)cc4)cc3C2=O)c1,1.202697866,1.63684294,2.922831665,0.234647472
*N1C(=O)c2c(C1=O)cc(cc2)Oc1ccc(cc1)S(=O)(=O)c1ccc(cc1)Oc1cc2c(C(=O)N(C2=O)c2cc(ccc2)*)cc1,1.284993708,1.661640551,3.102672026,0.222521804
*N1C(=O)c2c(C1=O)cc(cc2)Oc1ccc(cc1)S(=O)(=O)c1ccc(cc1)Oc1cc2c(C(=O)N(C2=O)c2ccc(cc2)Oc2ccc(cc2)*)cc1,1.275034449,1.665579666,6.768391998,0.247598756
*c1ccc2c(c1)C(=O)N(c1ccc(Cc3ccc(N4C(=O)c5ccc(C(*)(C(F)(F)F)C(F)(F)F)cc5C4=O)cc3)cc1)C2=O,1.27525294,1.566371224,2.632332194,0.197639356
*c1ccc2c(c1)C(=O)N(c1ccc(C(C)(C)c3ccc(N4C(=O)c5ccc(C(*)(C(F)(F)F)C(F)(F)F)cc5C4=O)cc3)cc1)C2=O,1.229423781,1.550351804,2.568891746,0.188288469
*C(=O)NCCNC(=O)c1ccc(N2C(=O)c3ccc(*)cc3C2=O)cc1,1.289378324,1.642217813,3.393294699,0.262578056
*c1cc2c(C(=O)N(C2=O)c2ccc(cc2)C(=O)NCCCCCCNC(=O)*)cc1,1.208959693,1.607623381,3.157318809,0.30396234
*C(=O)Nc1ccc(Cc2ccc(NC(=O)c3ccc(N4C(=O)c5ccc(*)cc5C4=O)cc3)cc2)cc1,1.230142757,1.702003938,3.506862393,0.335151924
*C(=O)NC1CCC(CC2CCC(NC(=O)c3ccc(N4C(=O)c5ccc(*)cc5C4=O)cc3)CC2)CC1,1.133082066,1.580305025,3.014687238,0.308291763
*c1cccc(N2C(=O)c3ccc(Oc4ccc5c(c4)C(=O)N(*)C5=O)cc3C2=O)c1,1.280091609,1.655237953,3.048351144,0.256393833
*N1C(=O)c2c(C1=O)cc(cc2)Oc1cc2c(C(=O)N(C2=O)c2ccc(cc2)Cc2ccc(cc2)*)cc1,1.232070271,1.670963058,3.026648198,0.279008786
*c1ccc(Oc2ccc(N3C(=O)c4ccc(Oc5ccc(C(c6ccc(Oc7ccc8c(c7)C(=O)N(*)C8=O)cc6)(C(F)(F)F)C(F)(F)F)cc5)cc4C3=O)cc2)cc1,1.302606771,1.602925817,19.71496255,0.220106642
*c1cccc(Oc2ccc(N3C(=O)c4ccc(-c5ccc6c(c5)C(=O)N(*)C6=O)cc4C3=O)cc2)c1,1.252942085,1.698966527,3.137069571,0.281444426
*C(=O)Nc1ccccc1NC(=O)c1ccc(N2C(=O)c3ccc(*)cc3C2=O)cc1,1.285201084,1.692394364,3.523989617,0.229940242
*C(=O)Nc1cccc(NC(=O)/C=C/c2cccc(N3C(=O)c4ccc(*)cc4C3=O)c2)c1,1.251502611,1.713526232,3.522074175,0.283388677
*C(=O)Nc1cccc(/C=C/C(=O)/C=C/c2cccc(NC(=O)c3ccc(N4C(=O)c5ccc(*)cc5C4=O)cc3)c2)c1,1.200829298,1.729698337,4.271216806,0.288072027
*c1ccc2c(c1)C(=O)N(c1ccc(Oc3ccc(N4C(=O)c5ccc(C(C)(C)CCCCC(*)(C)C)cc5C4=O)cc3)cc1)C2=O,1.127096125,1.605493701,6.695498255,0.234181621
*c1ccc(Oc2cccc3c(Oc4ccc(-n5c(=O)c6cc7c(=O)n(*)c(=O)c7cc6c5=O)cc4)cccc23)cc1,1.243581648,1.669770923,2.985734733,0.317593927
*N1C(=O)c2c(C1=O)cc(cc2)Oc1cc2c(C(=O)N(C2=O)c2ccc(cc2)Oc2c3c(ccc2)c(ccc3)Oc2ccc(cc2)*)cc1,1.241250034,1.696314409,3.353681881,0.272013483
*C(=O)c1ccc2c(c1)C(=O)N(c1ccc(Oc3cccc4c(Oc5ccc(N6C(=O)c7ccc(*)cc7C6=O)cc5)cccc34)cc1)C2=O,1.237241822,1.685503986,4.115672375,0.253248203
*c1ccc2c(c1)C(=O)N(c1ccc(Oc3ccc(C(c4ccc(Oc5ccc(N6C(=O)c7ccc(C(*)(C(F)(F)F)C(F)(F)F)cc7C6=O)cc5)cc4)(C(F)(F)F)C(F)(F)F)cc3)cc1)C2=O,1.311751956,1.552833599,28.01967555,0.178824304
*c1ccc(N2C(=O)c3ccc(C(c4ccc5c(c4)C(=O)N(*)C5=O)(C(F)(F)F)C(F)(F)F)cc3C2=O)cc1,1.307479371,1.526693241,2.545397705,0.195860266
*c1ccc2c(c1)C(=O)N(c1ccc(C(c3ccc(N4C(=O)c5ccc(C(*)(C(F)(F)F)C(F)(F)F)cc5C4=O)cc3)(C(F)(F)F)C(F)(F)F)cc1)C2=O,1.312846814,1.494939316,2.408039074,0.150988967
*c1ccc2c(c1)C(=O)N(c1c(C)cc(C)c(N3C(=O)c4ccc(C(*)(C(F)(F)F)C(F)(F)F)cc4C3=O)c1C)C2=O,1.174741146,1.479190093,2.33619801,0.150371313
*c1ccc2c(c1)C(=O)N(c1c(C)c(C)c(N3C(=O)c4ccc(C(*)(C(F)(F)F)C(F)(F)F)cc4C3=O)c(C)c1C)C2=O,1.146022084,1.475764983,2.315146168,0.16438311
*c1ccc(Oc2cc3ccccc3cc2Oc2ccc(N3C(=O)c4ccc(-c5ccc6c(c5)C(=O)N(*)C6=O)cc4C3=O)cc2)cc1,1.241176561,1.713787793,3.148710201,0.254618417
*c1ccc(Oc2cc3ccccc3cc2Oc2ccc(N3C(=O)c4ccc(Oc5ccc6c(c5)C(=O)N(*)C6=O)cc4C3=O)cc2)cc1,1.256698292,1.692217254,3.090377946,0.23259708
*C(=O)c1ccc2c(c1)C(=O)N(c1ccc(Oc3cc4ccccc4cc3Oc3ccc(N4C(=O)c5ccc(*)cc5C4=O)cc3)cc1)C2=O,1.249194838,1.638397404,2.974834091,0.240362753
*c1ccc(Oc2cc3ccccc3cc2Oc2ccc(N3C(=O)c4ccc(S(=O)(=O)c5ccc6c(c5)C(=O)N(*)C6=O)cc4C3=O)cc2)cc1,1.273186916,1.664250277,3.000773394,0.204011822
*c1ccc(C(c2ccccc2)(c2ccc(-n3c(=O)c4cc5c(=O)n(*)c(=O)c5cc4c3=O)cc2)C(F)(F)F)cc1,1.203851883,1.566137188,2.666937123,0.242359788
*c1ccc(N2C(=O)c3ccc(-c4cccc5c4C(=O)N(*)C5=O)cc3C2=O)cc1,1.218182819,1.642596847,3.008155865,0.249325732
*CC1(C)CC(*)(C)C(=O)OC1=O,1.134708881,1.462763057,2.551981569,0.185992809
*OC(=O)OCCCCCC*,1.07671508,1.445724032,2.297383941,0.272889143
*OC(=O)OCC(C(C(C(C*)(F)F)(F)F)(F)F)(F)F,1.68320529,1.348133864,2.241335804,0.145276489
*Oc1ccc(cc1)C(c1ccc(cc1)OC(=O)*)(C)C,1.141156801,1.573773289,2.7808069,0.239631003
*Oc1ccc(C(C)(CCC)c2ccc(OC(*)=O)cc2)cc1,1.074574897,1.539474141,2.639058126,0.244337041
*Oc1ccc(C(C)(C)c2ccc(OC(*)=O)c(C)c2)cc1C,1.071059114,1.53718762,2.602139118,0.235991215
*Oc1c(Cl)cc(C(C)(C)c2cc(Cl)c(OC(*)=O)c(Cl)c2)cc1Cl,1.319483933,1.550577319,2.589989189,0.135267254
*Oc1c(Br)cc(C(C)(C)c2cc(Br)c(OC(*)=O)c(Br)c2)cc1Br,1.815896982,1.570668428,2.66018114,0.116199931
*Oc1ccc(C(C)(c2ccccc2)c2ccc(OC(*)=O)cc2)cc1,1.123680096,1.583077823,2.774698143,0.234250441
*Oc1ccc(C(CCC)(CCC)c2ccc(OC(*)=O)cc2)cc1,1.015922365,1.508772363,2.519468916,0.229886318
*Oc1ccc(cc1)C1(CCCC1)c1ccc(cc1)OC(=O)*,1.143968702,1.569797145,2.761700558,0.233473598
*Oc1ccc(C2(c3ccc(OC(*)=O)cc3)CCCCC2)cc1,1.114381568,1.553797132,2.686678066,0.218561417
*Oc1ccc(C2(c3ccc(OC(*)=O)c(C)c3)CCCCC2)cc1C,1.053045275,1.524621509,2.522773652,0.233405574
*Oc1ccc(cc1)C1(c2ccccc2c2ccccc12)c1ccc(cc1)OC(=O)*,1.128461031,1.610666878,2.818632726,0.207936405
*Oc1ccc(cc1)C(c1ccc(cc1)OC(=O)*)(c1ccccc1)c1ccccc1,1.105355359,1.588208337,2.758128415,0.211523164
*Oc1ccc(cc1)C(c1ccc(cc1)OC(=O)*)(C(F)(F)F)C(F)(F)F,1.384457385,1.475394296,2.51992098,0.16903023
*Oc1ccc(cc1)C(c1ccc(cc1)OC(=O)*)(c1ccccc1)C#N,1.157290262,1.602749603,2.851647742,0.214219488
*Oc1c(C)cc(C(C)(C)c2cc(C)c(OC(*)=O)c(C)c2)cc1C,1.002192304,1.507514401,2.412679934,0.212399138
*Oc1c(cc(cc1)C(c1ccc(cc1)C(c1cc(c(cc1)OC(=O)*)C)(C)C)(C)C)C,1.037025858,1.54562253,2.601671716,0.234165789
*Oc1cc(ccc1)CCCCCCCCCCc1cc(ccc1)OC(=O)*,1.053440137,1.527488844,2.564708314,0.235809342
*Oc1ccc(C(C)(C)c2ccc(OC(*)=O)c(C(C)C)c2)cc1C(C)C,1.004973052,1.497415513,2.43726779,0.230822589
*Oc1ccc(cc1)C(=O)CCCCCCCCC(=O)c1ccc(cc1)OC(=O)*,1.140448591,1.543897568,3.012396004,0.270982629
*Oc1ccc(cc1)S(=O)(=O)c1ccc(cc1)OC(=O)*,1.338016033,1.59635356,3.102253319,0.224611569
*OC(=O)OCc1ccc(cc1)C*,1.223791314,1.556279889,2.698073986,0.250103805
*Oc1ccc(C(=C(Cl)Cl)c2ccc(OC(*)=O)cc2)cc1,1.309864067,1.610478504,2.893071708,0.199949495
*Oc1ccc(cc1)OC(=O)Oc1ccc(cc1)c1ccc(cc1)OC(=O)*,1.272056297,1.639020639,3.132465365,0.329371007
*Oc1cc2c(cc1)ccc(c2)OC(=O)Oc1ccc(cc1)OC(=O)*,1.30756147,1.644856737,3.18795941,0.263470354
*Oc1c2c(ccc1)c(ccc2)OC(=O)Oc1ccc(cc1)OC(=O)*,1.296405101,1.61616739,3.097321345,0.241562638
*c1ccc(-c2nc3cc(-c4ccc5nc(-c6ccccc6)c(*)nc5c4)ccc3nc2-c2ccccc2)cc1,1.056458614,1.734443676,3.057394126,0.25797031
*c1ccc(-c2nc3cc(-c4ccc5nc(*)c(-c6ccccc6)nc5c4)ccc3nc2-c2ccccc2)cc1,1.056649095,1.717359042,2.997889839,0.300076156
*c1cccc(-c2nc3cc(-c4ccc5nc(*)c(-c6ccccc6)nc5c4)ccc3nc2-c2ccccc2)c1,1.066267313,1.725957693,3.033356027,0.231952429
*c1ccc(-c2nc3cc(-c4ccc5nc(*)c(-c6ccc7ccccc7c6)nc5c4)ccc3nc2-c2ccc3ccccc3c2)cc1,1.072232309,1.775199409,3.199004716,0.274147926
*c1cccc(-c2nc3cc(-c4ccc5nc(*)c(-c6ccc7ccccc7c6)nc5c4)ccc3nc2-c2ccc3ccccc3c2)c1,1.095943981,1.79902045,3.287086099,0.244614479
*N=P(*)(OCC(F)(F)F)OCC(F)(F)F,1.651958224,1.394323982,3.802971585,0.138820064
*Oc1ccc(C(=O)c2ccc(*)cc2)cc1,1.189618201,1.6467207,3.04926171,0.276789879
*CCCCCCS(*)(=O)=O,1.156037345,1.500095035,3.361584021,0.239977769
*OS(=O)(=O)c1ccc(*)cc1,1.433690549,1.580686839,2.800822853,0.186803621
*c1ccc(*)cc1,1.021951225,1.590131163,2.551408771,0.23968083873457946
*CCc1ccc(*)c(C)c1,1.00278747,1.587998671,2.551813684,0.255021494
*CCc1cc(C)c(*)cc1C,0.963046372,1.557289765,2.458416968,0.262219285
*CCc1ccc(*)c(Cl)c1,1.197077899,1.605900866,2.722289383,0.178005409
*c1ccc(C(Cl)(Cl)C(*)Cl)cc1,1.388472271,1.571772856,2.584204756,0.119776758
*C1CCC(*)C1,0.928876066,1.500064822,2.25182859,0.284922378
*C1C2CC(C)C(C2)C1*,0.898563014,1.459347936,2.138590544,0.171048226
*C1CC2CC1C(*)C2CCCC,0.876370215,1.453167699,2.128187694,0.241394354
*C1CC2CC1C(*)C2CCCCCC,0.89181419,1.47158671,2.177082167,0.261321169
*CC(*)(C)c1ccc2ccccc2c1,0.989395044,1.607401294,2.622960763,0.186141125
*CCC(c1ccccc1)C(*)c1ccccc1,0.981231624,1.547601496,2.426447559,0.202492274
*/C(Cl)=C(/*)c1ccccc1,1.076752211,1.579625305,2.599654948,0.185906754
*/C=C(/*)c1ccc(C#C)cc1,1.010292342,1.696623986,2.938233112,0.298685003
*/C=C(/*)c1cccc(C#C)c1,1.016829963,1.67481899,2.86540183,0.274746743
*/C=C/C(C(=O)OCc1ccc(Cl)cc1)C(*)C(=O)OCc1ccc(Cl)cc1,1.258571666,1.532250586,2.652606063,0.171830845
*/C=C(/*)c1ccc(-c2ccc(C#C)cc2)cc1,1.042090871,1.765247976,3.163975958,0.264801989
*CC(*)C(=O)OCC(C)O,1.147339655,1.472076432,3.317414054,0.280976264
*CC(*)(CC(=O)OCCCCCCCC)C(=O)OCCCCCCCC,0.954492402,1.440676685,2.366131306,0.275383563
*CC(*)(CC(=O)OCCCCCCCCC)C(=O)OCCCCCCCCC,0.946548067,1.441699214,2.216906042,0.27657995
*CC(*)C(=O)n1c2ccccc2c2ccccc21,1.166386752,1.66526397,2.954840448,0.185889246
*CC(*)C(=O)OC(OCC)C(F)(F)F,1.286700483,1.387400693,2.630002015,0.183494514
*CC(*)(C)C(=O)OC(OCC)C(F)(F)F,1.222015332,1.383891424,2.39258944,0.158540956
*CC(*)(CC(=O)Oc1ccc(OCCCCCCC)cc1)C(=O)Oc1ccc(OCCCCCCC)cc1,1.051565254,1.514800703,2.619494977,0.278660635
*CC(*)(C)C(=O)Oc1c(C)cccc1C,1.039602434,1.509779835,2.396918629,0.211223838
*CC(*)(C)C(=O)OCCCCCCN(C)c1ccc(/N=N/c2ccc(S(C)(=O)=O)cc2)cc1,1.13049325,1.658259378,5.493817098,0.239801416
*C([2H])([2H])C(*)(C(=O)OC([2H])([2H])[2H])C([2H])([2H])[2H],1.115470133,1.435528912,2.288454019,0.200554319
*C(*)C(=O)OC(C)C,1.034629356,1.440286259,2.39347061,0.218613254
*CC(*)(C)C(=O)Oc1c(C(C)C)cccc1C(C)C,0.952119689,1.472696555,2.253426672,0.201358713
*CC(*)(C)C(=O)OCC(=O)c1ccccc1,1.148393849,1.521351701,2.845654246,0.206062145
*CC(*)(C)C(=O)OCc1ccc(Cl)c(Cl)c1,1.273551555,1.535969595,2.638837065,0.142399015
*CC(*)(C)C(=O)OCc1cccc(Cl)c1,1.192786371,1.531834492,2.621536504,0.156695253
*CC(*)(C)C(=O)OCc1ccc(Cl)cc1,1.187854535,1.532310563,2.51765376,0.167641229
*CC(*)(C)C(=O)OCc1cccc(Cl)c1Cl,1.272828419,1.527475457,2.684759625,0.14256689
*CC(*)(C)C(=O)OCc1ccc(Cl)cc1Cl,1.269283781,1.532808568,2.550927916,0.134920498
*CC(*)(C)C(=O)OCc1cc(Cl)ccc1Cl,1.269736861,1.534925892,2.45475279,0.138323775
*CC(*)(C)C(=O)OCc1c(Cl)cccc1Cl,1.273236404,1.541289803,2.56527395,0.140187539
*CC(*)(C)C(=O)OCc1cc(Cl)cc(Cl)c1,1.269395896,1.535283066,2.499655594,0.129715026
*/C=C(/*)C(C)(C)C,0.776287524,1.44152112,2.121333437,0.284244599
*C1C(*)C2CC1C1C=CCC12,0.94806811,1.484773125,2.228767352,0.161458476
*/C(C)=C(/*)C(C)C,0.742358507,1.424219563,2.046663896,0.320934176
*OC1C(CO)OC(*)C(O)C1O,1.328453331,1.463530902,4.832148585,0.321583167
*Oc1cc(C)c(*)c(C)c1Br,1.421050088,1.538196177,2.479609535,0.179808547
*CCC(C)CO*,0.951690982,1.461938503,2.652793135,0.231649902
*Oc1ccc2[nH]c(-c3ccc4c(c3)-c3cc(-c5nc6cc(*)ccc6[nH]5)ccc3S4(=O)=O)nc2c1,1.242048901,1.744277918,3.345871449,0.242108846
*C1Oc2ccccc2C1*,1.092531193,1.555645762,2.48865188,0.154427579
*Oc1ccc2[nH]c(-c3ccc4sc5ccc(-c6nc7cc(*)ccc7[nH]6)cc5c4c3)nc2c1,1.25041767,1.819708939,3.621787889,0.241468326
*OC(F)(F)C(F)(F)C(*)(F)F,1.851480396,1.310080558,1.829183251,0.112134181
*c1ccc(Oc2ccc(C(=O)c3ccc(Oc4ccc(C5(*)OC(=O)c6ccccc65)cc4)cc3)cc2)cc1,1.186783157,1.647140694,2.992672076,0.249754092
*Oc1cccc(Oc2cccc(*)c2)c1C#N,1.208287072,1.614460989,3.147806392,0.192496388
*C(=O)Oc1ccc(C(C)(C)c2ccc(OC(=O)c3ccc4c(c3)C(=O)n3c-4nc4ccc(Oc5ccc6c(c5)nc5n6C(=O)c6ccc(*)cc6-5)cc43)cc2)cc1,1.233967696,1.707892797,17.61274724,0.251191461
*Oc1ccc(NC(=O)c2ccc(C(c3ccc(C(=O)O)c(C(=O)Nc4cc(*)ccc4N)c3)(C(F)(F)F)C(F)(F)F)cc2C(=O)O)c(N)c1,1.368217726,1.581092003,3.153403419,0.228404459
*c1ccc2c(c1)-c1nc3cc(Oc4ccc5c(c4)nc4n5C(=O)c5cc(C(*)(C(F)(F)F)C(F)(F)F)ccc5-4)ccc3n1C2=O,1.329999975,1.644120437,2.88724376,0.183522496
*Oc1ccc(S(=O)(=O)c2ccc(Oc3ccc(C(C)(C)c4ccc(*)cc4)cc3[N+](=O)[O-])cc2)cc1,1.208636395,1.588343202,2.908404028,0.20299693
*Oc1ccc(S(=O)(=O)c2ccc(Oc3ccc(C(C)(C)c4ccc(*)cc4)cc3)c([N+](=O)[O-])c2)cc1[N+](=O)[O-],1.242881691,1.580349108,2.963971622,0.200486029
*Oc1ccc(S(=O)(=O)c2ccc(Oc3c(C)cc(C(c4cc(C)c(*)c(C)c4)(C(F)(F)F)C(F)(F)F)cc3C)cc2)cc1,1.190830229,1.506874668,2.423902517,0.154355563
*CC(=C)COCC(=C)COC(=O)O*,1.155178424,1.49276806,3.269470049,0.245695552
*OC1C(COC(C)=O)OC(*)C(OC(C)=O)C1OC(C)=O,1.165103006,1.412961742,2.610860462,0.20138397
*Oc1ccc(SC(=O)Sc2ccc(*)cc2)cc1,1.273621231,1.682682548,2.940386303,0.187987361
*Oc1ccc(SC(=O)Oc2ccc(C(C)(C)c3ccc(OC(=O)Sc4ccc(*)cc4)cc3)cc2)cc1,1.209562721,1.644252703,2.873017348,0.202245531
*Oc1ccc(NC(=O)c2cc(C(c3ccc(C(=O)O)c(C(=O)Nc4ccc(Oc5ccc(C(c6ccc(*)cc6)(C(F)(F)F)C(F)(F)F)cc5)cc4)c3)(C(F)(F)F)C(F)(F)F)ccc2C(=O)O)cc1,1.344511076,1.539196418,7.974845834,0.189394728
*OC1C(CO)OC(*)C(N)C1O,1.311294213,1.483974987,4.259040015,0.348907876
*Oc1ccc(S(=O)(=O)c2ccc(Oc3ccc(C(=O)c4cc(Br)cc(C(=O)c5ccc(*)cc5)c4)cc3)cc2)cc1,1.339021151,1.624108354,2.926316613,0.179353601
*Oc1ccc(S(=O)(=O)c2ccc(Oc3ccc(C(=O)c4cc(I)cc(C(=O)c5ccc(*)cc5)c4)cc3)cc2)cc1,1.433742475,1.680002583,3.129587508,0.179849923
*Oc1ccc(S(=O)(=O)c2ccc(Oc3ccc(C(=O)c4cc(C(=O)c5ccc(*)cc5)cc(C(C)(C)C)c4)cc3)cc2)cc1,1.161898548,1.606985842,2.907162435,0.21459288
*Oc1ccc(C(c2ccc(Oc3ccc(C(=O)c4cccc(C(=O)c5ccc(*)cc5)c4)cc3)cc2)(C(F)(F)F)C(F)(F)F)cc1,1.277027535,1.597451346,2.756848782,0.179786563
*Oc1ccc(C(=O)Nc2cccc(C(O)Cc3ccc(NC(=O)c4ccc(*)cc4)cc3)c2)cc1,1.212798199,1.613303781,3.277424057,0.286060508
*C1(OC(C(C1(C(C(*)(F)F)(F)F)F)(F)F)(F)F)F,1.822016677,1.308228273,1.763329582,0.111266374
*Oc1cc(C(C)(C)C)c(Oc2ccc(C(=O)Nc3ccc(C(C)(C)c4ccc(NC(=O)c5ccc(*)cc5)cc4)cc3)cc2)cc1C(C)(C)C,1.043215521,1.595495994,3.14746651,0.283670086
*Oc1cc(C(C)(C)C)c(Oc2ccc(C(=O)Nc3ccc(C(C)(C)c4ccc(NC(=O)c5ccc(*)cc5)c(C)c4)cc3C)cc2)cc1C(C)(C)C,1.022213738,1.57661562,3.023615086,0.270258521
*Oc1cc(C(C)(C)C)c(Oc2ccc(C(=O)Nc3c(C)cc(C(C)(C)c4cc(C)c(NC(=O)c5ccc(*)cc5)c(C)c4)cc3C)cc2)cc1C(C)(C)C,1.001547997,1.557316458,3.418674103,0.26981997
*Oc1cc(C(C)(C)C)c(Oc2ccc(C(=O)Nc3c(C)cc(Cc4cc(C)c(NC(=O)c5ccc(*)cc5)c(C(C)C)c4)cc3C(C)C)cc2)cc1C(C)(C)C,0.980385328,1.505052499,3.172225332,0.244338127
*Oc1cc(C(C)(C)C)c(Oc2ccc(C(=O)Nc3ccc(C(c4ccc(NC(=O)c5ccc(*)cc5)cc4)(C(F)(F)F)C(F)(F)F)cc3)cc2)cc1C(C)(C)C,1.135045356,1.546095523,2.875214766,0.215611584
*Oc1ccc(Oc2ccc(C(=O)c3ccc(C(=O)c4ccc(*)cc4)c4ccccc34)cc2)cc1,1.172687952,1.673605077,3.01842416,0.231751558
*Oc1ccc(S(=O)(=O)c2ccc(Oc3ccc(C(C)(C)c4ccc(*)c(C(O)(C(F)(F)F)C(F)(F)F)c4)cc3C(O)(C(F)(F)F)C(F)(F)F)cc2)cc1,1.345764376,1.459912166,2.576196785,0.165410873
*Oc1ccc(S(=O)(=O)c2ccc(Oc3ccc(C(C)(C)c4ccc(*)c(C(OC)(C(F)(F)F)C(F)(F)F)c4)cc3C(OC)(C(F)(F)F)C(F)(F)F)cc2)cc1,1.295765969,1.449293131,2.354834652,0.13816211
*Oc1ccc(S(=O)(=O)c2ccc(Oc3c(C)cc(C(C)(C)c4cc(C)c(*)c(C)c4)cc3C)cc2C(O)(C(F)(F)F)C(F)(F)F)c(C(O)(C(F)(F)F)C(F)(F)F)c1,1.262427505,1.461199207,2.334902283,0.152623848
*Oc1ccc2c(c1)nc1n2C(=O)c2ccc(-c3ccc4c(c3)C(=O)n3c-4nc4ccc(*)cc43)cc2-1,1.266039427,1.804047376,3.466014492,0.269836747
*Oc1ccc2c(c1)nc1c3cc4c(=O)n5c6cc(*)ccc6nc5c4cc3c(=O)n21,1.307297478,1.838878626,3.616130918,0.289671931
*c1ccc2c(c1)-c1nc3cc(Oc4ccc5nc6n(c5c4)C(=O)c4cc(C(*)(C(F)(F)F)C(F)(F)F)ccc4-6)ccc3n1C2=O,1.331719513,1.632269013,2.844873748,0.176963476
*c1ccc(*)s1,1.283756133,1.641784422,2.744653294,0.597038429
*c1ccc2c(c1)-c1cc(-c3nc4cc(-c5ccc6[nH]c(*)nc6c5)ccc4[nH]3)ccc1S2(=O)=O,1.212814908,1.731496517,3.291830914,0.266970833
*Cc1ccc2[nH]c(-c3ccc4c(c3)-c3cc(-c5nc6cc(*)ccc6[nH]5)ccc3S4(=O)=O)nc2c1,1.209738995,1.745171135,3.3412309,0.233716186
*c1ccc2sc3ccc(-c4nc5cc(-c6ccc7[nH]c(*)nc7c6)ccc5[nH]4)cc3c2c1,1.22005735,1.804667222,3.51199897,0.263202779
*Cc1ccc2[nH]c(-c3ccc4sc5ccc(-c6nc7cc(*)ccc7[nH]6)cc5c4c3)nc2c1,1.206598942,1.808011778,3.575208395,0.230983773
*c1cc(CCCC)c(*)s1,1.036409942,1.529926444,2.366607693,0.320117807
*Oc1ccc(C(C)(c2ccccc2)c2ccc(OC(=O)c3cccc(C(*)=O)c3)cc2)cc1,1.14435786,1.614777654,2.934515402,0.225378547
*Oc1ccc(C(c2ccccc2)(c2ccccc2)c2ccc(OC(=O)c3cccc(C(*)=O)c3)cc2)cc1,1.120952971,1.611380329,2.865002407,0.211413189
*Oc1ccc(C(C)(C)c2ccc(OC(=O)c3ccc(C(=O)c4ccc(C(*)=O)cc4)cc3)cc2)cc1,1.162597364,1.637481461,3.057627154,0.257727428
*CCCCCCCCOC(=O)c1cccc(C(=O)O*)c1,1.094982437,1.51543097,2.596388887,0.236431842
*c1cc(Br)c(OC(=O)c2ccc(C(=O)Oc3c(Br)cc(C4(*)OC(=O)c5ccccc54)cc3Br)cc2)c(Br)c1,1.625018685,1.594933201,2.852290549,0.155531081
*CCCCCCS(=O)(=O)c1ccc(/N=N/c2ccc(N(C)CCCCCC(=O)O*)cc2)cc1,1.129755307,1.636972832,10.63302635,0.249228862
*CCCS(=O)(=O)c1ccc(/N=N/c2ccc(N(CCCC)CC(=O)O*)cc2)cc1,1.17835506,1.664013085,3.172773003,0.225556948
*Oc1ccc(OC(=O)c2cc(OCCCCCCCCCCCC)c(C(*)=O)cc2OCCCCCCCCCCCC)cc1,1.00135856,1.500569581,2.835738055,0.305736886
*Oc1ccc2c(c1)C1(CC2(C)C)CC(C)(C)c2ccc(OC(=O)c3ccc(C(*)=O)cc3)cc21,1.075103554,1.558267711,2.678657556,0.202420703
*Oc1ccc2c(c1)C1(CC2(C)C)CC(C)(C)c2ccc(OC(=O)c3cccc(C(*)=O)c3)cc21,1.088262536,1.563549825,2.713965043,0.197787592
*CCOC(=O)NCC1(C)CC(NC(=O)O*)CC(C)(C)C1,1.089306467,1.467259008,2.646360119,0.237542815
*Oc1ccc(C(C)(C)c2ccc(OC(=O)c3ccccc3/C=C/c3ccc(/C=C/c4ccccc4C(*)=O)cc3)cc2)cc1,1.113129096,1.694351292,3.199270801,0.217293555
*Oc1ccc(C(C)(C)c2ccc(OC(=O)c3ccccc3/C=C/c3ccc(/C=C/c4ccccc4C(*)=O)cc3)c(C)c2)cc1C,1.085604157,1.628953568,3.125337292,0.219509175
*Oc1ccc(S(=O)(=O)c2ccc(OC(=O)c3ccccc3/C=C/c3ccc(/C=C/c4ccccc4C(*)=O)cc3)cc2)cc1,1.203593144,1.701241317,3.324835922,0.201310165
*c1ccc(OC(=O)c2ccccc2/C=C/c2ccc(/C=C/c3ccccc3C(=O)Oc3ccc(C4(*)OC(=O)c5ccccc54)cc3)cc2)cc1,1.161118025,1.697549583,3.326802279,0.217641609
*Oc1cccc2c(OC(=O)c3ccccc3/C=C/c3ccc(/C=C/c4ccccc4C(*)=O)cc3)cccc12,1.159483638,1.748725622,3.339414979,0.220093628
*Oc1cccc2ccc(OC(=O)c3ccccc3/C=C/c3ccc(/C=C/c4ccccc4C(*)=O)cc3)cc12,1.161362337,1.703210393,3.243970603,0.204757868
*Oc1ccc2ccc(OC(=O)c3ccccc3/C=C/c3ccc(/C=C/c4ccccc4C(*)=O)cc3)cc2c1,1.174043238,1.718369727,3.308412961,0.227296374
*Oc1cccc(OC(=O)c2ccccc2/C=C/c2ccc(/C=C/c3ccccc3C(*)=O)cc2)c1,1.152283822,1.727592465,3.309173495,0.198989787
*Oc1ccccc1OC(=O)c1ccccc1/C=C/c1ccc(/C=C/c2ccccc2C(*)=O)cc1,1.154343518,1.728953064,3.31065068,0.222108797
*Oc1ccc(OC(=O)c2ccccc2/C=C/c2ccc(/C=C/c3ccccc3C(*)=O)cc2)cc1,1.170701737,1.764497182,3.5615034,0.235313014
*CCCCCCCCCCCCNC(=O)CCCCCCCCCCCCCCCCCCC(=O)N*,0.913331359,1.470519497,130.7575103,0.349800281
*Nc1ccc(NC(=O)c2cc(C(*)=O)c(C(=O)OCC)cc2C(=O)OCC)cc1,1.205426081,1.587536086,3.252915963,0.301681661
*Nc1cccc(C(O)Cc2ccc(NC(=O)c3ccc(C(*)=O)cc3)cc2)c1,1.211930902,1.647733347,3.436331819,0.295623458
*c1ccc2c(c1)-c1nc3cc(-c4ccc5nc6n(c5c4)C(=O)c4cc(C(*)(C(F)(F)F)C(F)(F)F)ccc4-6)ccc3n1C2=O,1.278237634,1.651368419,2.896571056,0.18416099
*CC(C)CNC(=O)O*,1.12616874,1.468811892,2.59205717,0.257436252
*c1ccc(Oc2cccc(Oc3ccc(N4C(=O)c5ccc(-c6ccc7c(c6)C(=O)N(*)C7=O)cc5C4=O)cc3)c2)cc1,1.252835014,1.716848767,3.179388387,0.282900087
*c1cccc(N2C(=O)c3ccc(C(c4ccc5c(c4)C(=O)N(*)C5=O)(C(F)(F)F)C(F)(F)F)cc3C2=O)c1,1.317287284,1.531408956,2.557181127,0.17288835
*c1ccc2c(c1)C(=O)N(c1cccc(S(=O)(=O)c3cccc(N4C(=O)c5ccc(C(*)(C(F)(F)F)C(F)(F)F)cc5C4=O)c3)c1)C2=O,1.336308485,1.531674462,2.619757599,0.150446539
*c1cc2c(C(=O)N(C2=O)c2ccc(cc2)Oc2ccc(cc2)NC(=O)*)cc1,1.264285557,1.677682587,3.238586289,0.329475891
*c1ccc(S(=O)(=O)c2ccc(N3C(=O)c4cc5C(=O)N(*)C(=O)c5cc4C3=O)cc2)cc1,1.303952645,1.629686237,3.038289474,0.29081044
*c1cccc(Oc2ccc(N3C(=O)c4cc5C(=O)N(*)C(=O)c5cc4C3=O)cc2)c1,1.284270014,1.662912278,3.029515328,0.262134449
*c1ccc(-c2ccc(N3C(=O)c4ccc(-c5ccc6c(c5)C(=O)N(*)C6=O)cc4C3=O)cc2C(F)(F)F)c(C(F)(F)F)c1,1.235348797,1.550041139,2.651953873,0.281094364
*C(=O)Oc1ccc(C(C)(C)c2ccc(OC(=O)c3ccc4c(c3)C(=O)N(c3ccc(-c5ccc(N6C(=O)c7ccc(*)cc7C6=O)c(C)c5)cc3C)C4=O)cc2)cc1,1.160979338,1.636184478,43.00143355,0.295505091
*C(=O)Oc1ccc(C(C)(C)c2ccc(OC(=O)c3ccc4c(c3)C(=O)N(c3ccc(Oc5ccc(N6C(=O)c7ccc(*)cc7C6=O)cc5)cc3)C4=O)cc2)cc1,1.224361443,1.661233303,29.20320168,0.279921661
*C(=O)Oc1ccc(C(C)(C)c2ccc(OC(=O)c3ccc4c(c3)C(=O)N(c3ccc(-c5ccc(N6C(=O)c7ccc(*)cc7C6=O)cc5)cc3)C4=O)cc2)cc1,1.209449516,1.674839967,43.05494416,0.29891003
*c1ccc2c(c1)C(=O)N(c1ccc3c(c1)-c1cc(N4C(=O)c5ccc(C(*)(C(F)(F)F)C(F)(F)F)cc5C4=O)ccc1C3)C2=O,1.262253686,1.565971539,2.629618628,0.174130825
*C(=O)Nc1ccc(NC(=O)c2ccc(N3C(=O)c4ccc(*)cc4C3=O)cc2)cc1,1.30038156,1.727846959,3.631667161,0.439609719
*c1ccc(Oc2ccc(C(c3ccc(Oc4ccc(N5C(=O)c6ccc(Oc7ccc8c(c7)C(=O)N(*)C8=O)cc6C5=O)cc4)cc3)(C(F)(F)F)C(F)(F)F)cc2)cc1,1.295800467,1.603626727,15.90590906,0.211511474
*c1cccc(Oc2cccc(Oc3cccc(-n4c(=O)c5cc6c(=O)n(*)c(=O)c6cc5c4=O)c3)c2)c1,1.295820551,1.639753686,2.944369464,0.22483537
*c1ccc(Oc2ccc(S(=O)(=O)c3ccc(Oc4ccc(N5C(=O)c6ccc(C(=O)c7ccc8c(c7)C(=O)N(*)C8=O)cc6C5=O)cc4)cc3)cc2)cc1,1.26934889,1.675422164,22.46016378,0.244102731
*c1ccc(Oc2ccc(S(=O)(=O)c3ccc(Oc4ccc(N5C(=O)c6ccc(Oc7ccc8c(c7)C(=O)N(*)C8=O)cc6C5=O)cc4)cc3)cc2)cc1,1.270428801,1.663888318,27.41309248,0.250512619
*c1ccc(Oc2cccc(Oc3ccc(N4C(=O)c5ccc(C(=O)c6ccc7c(c6)C(=O)N(*)C7=O)cc5C4=O)cc3)c2)cc1,1.269371235,1.693826802,3.563309005,0.243353052
*c1ccc(Oc2ccc(S(=O)(=O)c3ccc(Oc4ccc(N5C(=O)c6cc7C(=O)N(*)C(=O)c7cc6C5=O)cc4)cc3)cc2)cc1,1.287501153,1.65544302,3.009805193,0.257046515
*c1ccc(-c2ccc(-n3c(=O)c4cc5c(=O)n(*)c(=O)c5cc4c3=O)cc2C(F)(F)F)c(C(F)(F)F)c1,1.23558415,1.492421202,2.493650614,0.382911128
*c1ccc(S(=O)(=O)c2ccc(N3C(=O)c4ccc(-c5ccc6c(c5)C(=O)N(*)C6=O)cc4C3=O)cc2)cc1,1.251668706,1.655916132,3.081731175,0.280663141
*C(=O)c1ccc2c(c1)C(=O)N(c1ccc(C3(c4ccc(N5C(=O)c6ccc(*)cc6C5=O)cc4)c4ccccc4-c4ccccc43)cc1)C2=O,1.135742607,1.633649601,2.880971216,0.227667352
*CCCCCCN1C(=O)c2ccc(C(c3ccc4c(c3)C(=O)N(*)C4=O)(C(F)(F)F)C(F)(F)F)cc2C1=O,1.288680122,1.505760409,2.48742653,0.16334633
*c1ccc2c(c1)C(=O)N(c1c(C)cc(Cc3cc(C)c(N4C(=O)c5ccc(C(*)(C(F)(F)F)C(F)(F)F)cc5C4=O)c(C)c3)cc1C)C2=O,1.149323946,1.506696564,2.406188487,0.164469188
*c1ccc2c(c1)C(=O)N(c1c(CC)cc(Cc3cc(CC)c(N4C(=O)c5ccc(C(*)(C(F)(F)F)C(F)(F)F)cc5C4=O)c(CC)c3)cc1CC)C2=O,1.128172684,1.500740772,2.376291416,0.1778175
*c1ccc2c(c1)C(=O)N(c1c(C(C)C)cc(Cc3cc(C(C)C)c(N4C(=O)c5ccc(C(*)(C(F)(F)F)C(F)(F)F)cc5C4=O)c(C(C)C)c3)cc1C(C)C)C2=O,1.054205669,1.469965351,2.277447441,0.16484689
*c1ccc2c(c1)C(=O)N(c1cc(N3C(=O)c4ccc(C(*)(C(F)(F)F)C(F)(F)F)cc4C3=O)ccc1C)C2=O,1.24938533,1.509035648,2.461848941,0.153779126
*c1ccc(S(=O)(=O)c2ccc(N3C(=O)c4ccc(C(c5ccc6c(c5)C(=O)N(*)C6=O)(C(F)(F)F)C(F)(F)F)cc4C3=O)cc2)cc1,1.310115561,1.548514887,2.666034055,0.166991738
*c1ccc(S(=O)(=O)c2ccc(N3C(=O)c4ccc(C(=O)c5ccc6c(c5)C(=O)N(*)C6=O)cc4C3=O)cc2)cc1,1.295795426,1.662416477,3.121665839,0.255148124
*c1ccc(-c2ccc(-n3c(=O)c4cc5c(=O)n(*)c(=O)c5cc4c3=O)cc2OC(F)(F)F)c(OC(F)(F)F)c1,1.340617278,1.527329893,2.563070514,0.342393297
*C1CCC(N2C(=O)c3ccc(-c4ccc5c(c4)C(=O)N(*)C5=O)cc3C2=O)CC1,1.221232144,1.633195502,2.966004322,0.322479304
*c1cc(C(c2ccc(O)c(-n3c(=O)c4cc5c(=O)n(*)c(=O)c5cc4c3=O)c2)(C(F)(F)F)C(F)(F)F)ccc1O,1.357726456,1.520488509,2.904341652,0.188839787
*c1ccc2c(c1)C(=O)N(c1ccc(C(c3ccc(C)c(N4C(=O)c5ccc(C(*)(C(F)(F)F)C(F)(F)F)cc5C4=O)c3)(C(F)(F)F)C(F)(F)F)cc1C)C2=O,1.259487717,1.463351386,2.288968877,0.125282992
*c1ccc2c(c1)C(=O)N(c1ccc(Oc3ccc(-c4ccc(Oc5ccc(N6C(=O)c7ccc(C(*)(C(F)(F)F)C(F)(F)F)cc7C6=O)cc5)cc4)cc3)cc1)C2=O,1.257027996,1.615261096,45.91266965,0.192517661
*c1ccc(Oc2ccc(S(=O)(=O)c3ccc(Oc4ccc(N5C(=O)c6ccc(C(c7ccc8c(c7)C(=O)N(*)C8=O)(C(F)(F)F)C(F)(F)F)cc6C5=O)cc4)cc3)cc2)cc1,1.306828793,1.597941647,8.657641935,0.207221278
*c1ccc2c(c1)C(=O)N(c1cccc(Oc3ccc(S(=O)(=O)c4ccc(Oc5cccc(N6C(=O)c7ccc(C(*)(C(F)(F)F)C(F)(F)F)cc7C6=O)c5)cc4)cc3)c1)C2=O,1.317245118,1.595253433,15.32931322,0.163208541
*c1ccc(C(C)(C)c2ccc(N3C(=O)c4ccc(Oc5ccc6c(c5)C(=O)N(*)C6=O)cc4C3=O)cc2)cc1,1.188319624,1.644429312,2.918997089,0.27785637
*c1cccc(N2C(=O)c3ccc(Oc4ccc5c(c4)C4(CC(C)(C)c6ccc(Oc7ccc8c(c7)C(=O)N(*)C8=O)cc64)CC5(C)C)cc3C2=O)c1,1.139268236,1.577714272,2.671675231,0.195425517
*c1ccc(S(=O)(=O)c2ccc(N3C(=O)c4ccc(Oc5ccc6c(c5)C(=O)N(*)C6=O)cc4C3=O)cc2)cc1,1.283240207,1.638907142,3.019424796,0.249871544
*c1ccc2c(c1)C(=O)N(c1ccc(Oc3ccc(N4C(=O)c5ccc(C(C)(C)CCCCCCCCC(*)(C)C)cc5C4=O)cc3)cc1)C2=O,1.09921516,1.604717852,16.89892631,0.254763626
*C(=O)Nc1cccc(NC(=O)c2ccc(N3C(=O)c4ccc(*)cc4C3=O)cc2)c1,1.288525485,1.70982335,3.550123182,0.316497691
*C(=O)c1ccc2c(c1)C(=O)N(c1ccc(C(=O)Nc3ccc(N4C(=O)c5ccc(*)cc5C4=O)cc3)cc1)C2=O,1.278260146,1.712034571,3.403719867,0.331274593
*c1cccc(Oc2ccc(N3C(=O)c4ccc(C(=O)c5ccc6c(c5)C(=O)N(*)C6=O)cc4C3=O)cc2)c1,1.267108398,1.682591648,3.132077919,0.264017299
*c1ccc(-c2sc(-c3ccc(-n4c(=O)c5cc6c(=O)n(*)c(=O)c6cc5c4=O)cc3)c(-c3ccccc3)c2-c2ccccc2)cc1,1.124308327,1.63891798,2.843429716,0.352891485
*c1ccc(C(c2ccc(N3C(=O)c4cc5c(cc4C3=O)C(C(F)(F)F)(C(F)(F)F)c3cc4c(cc3O5)C(=O)N(*)C4=O)cc2)(C(F)(F)F)C(F)(F)F)cc1,1.308883696,1.491311176,2.396280245,0.206835687
*c1ccc2c(c1)C(=O)N(c1cc(C(c3ccc(O)c(N4C(=O)c5ccc(C(*)(C(F)(F)F)C(F)(F)F)cc5C4=O)c3)(C(F)(F)F)C(F)(F)F)ccc1O)C2=O,1.333438371,1.465842365,2.455203335,0.132113785
*c1ccc(Oc2c(C)cc(Cc3cc(C)c(Oc4ccc(-n5c(=O)c6cc7c(=O)n(*)c(=O)c7cc6c5=O)cc4)c(C)c3)cc2C)cc1,1.126951227,1.590049085,4.728460436,0.252482603
*c1ccc(Oc2c(C)cc(Cc3cc(C)c(Oc4ccc(N5C(=O)c6ccc(-c7ccc8c(c7)C(=O)N(*)C8=O)cc6C5=O)cc4)c(C)c3)cc2C)cc1,1.132492938,1.623164999,26.41169874,0.256003141
*C(=O)c1ccc2c(c1)C(=O)N(c1ccc(Oc3c(C)cc(Cc4cc(C)c(Oc5ccc(N6C(=O)c7ccc(*)cc7C6=O)cc5)c(C)c4)cc3C)cc1)C2=O,1.149765843,1.624987789,14.57215666,0.236433639
*c1ccc2c(c1)C(=O)N(c1ccc(Oc3c(C)cc(Cc4cc(C)c(Oc5ccc(N6C(=O)c7ccc(C(*)(C(F)(F)F)C(F)(F)F)cc7C6=O)cc5)c(C)c4)cc3C)cc1)C2=O,1.188244381,1.562346756,35.81353571,0.187678976
*c1c(C)cc(C(c2cc(C)c(N3C(=O)c4ccc(-c5ccc6c(c5)C(=O)N(*)C6=O)cc4C3=O)c(C)c2)c2cccc3ccccc23)cc1C,1.048715077,1.591597315,2.676343546,0.236427007
*C(=O)c1ccc2c(c1)C(=O)N(c1c(C)cc(C(c3cc(C)c(N4C(=O)c5ccc(*)cc5C4=O)c(C)c3)c3cccc4ccccc34)cc1C)C2=O,1.052850236,1.572349919,2.662427618,0.210939398
*c1ccc2c(c1)C(=O)N(c1c(C)cc(C(c3cc(C)c(N4C(=O)c5ccc(C(*)(C(F)(F)F)C(F)(F)F)cc5C4=O)c(C)c3)c3cccc4ccccc34)cc1C)C2=O,1.104934419,1.519965485,2.425581753,0.161522154
*c1ccc(Oc2c(C)cc(C(c3cc(C)c(Oc4ccc(-n5c(=O)c6cc7c(=O)n(*)c(=O)c7cc6c5=O)cc4)c(C)c3)c3cccc4ccccc34)cc2C)cc1,1.0879766,1.595356354,2.680902096,0.245595378
*c1ccc(Oc2c(C)cc(C(c3cc(C)c(Oc4ccc(N5C(=O)c6ccc(-c7ccc8c(c7)C(=O)N(*)C8=O)cc6C5=O)cc4)c(C)c3)c3cccc4ccccc34)cc2C)cc1,1.105842199,1.631203954,29.96522265,0.261279179
*c1ccc2c(c1)C(=O)N(c1ccc(Oc3c(C)cc(C(c4cc(C)c(Oc5ccc(N6C(=O)c7ccc(C(*)(C(F)(F)F)C(F)(F)F)cc7C6=O)cc5)c(C)c4)c4cccc5ccccc45)cc3C)cc1)C2=O,1.147237154,1.568149611,26.97913405,0.184969637
*/C=C/C1CC(*)C2C(=O)N(CCCCC)C(=O)C12,1.050823811,1.486357544,2.434684557,0.236932175
*/C=C/C1CC(*)C2C(=O)N(CCCCCC)C(=O)C12,1.035217626,1.482891496,2.38720014,0.232246101
*c1cccc(P(=O)(c2cccc(-n3c(=O)c4cc5c(=O)n(*)c(=O)c5cc4c3=O)c2)c2cc(C(F)(F)F)cc(C(F)(F)F)c2)c1,1.318625494,1.553239727,2.640614078,0.163382142
*c1cccc(P(=O)(c2ccc(C(F)(F)F)cc2)c2cccc(-n3c(=O)c4cc5c(=O)n(*)c(=O)c5cc4c3=O)c2)c1,1.274278888,1.587558918,2.76193441,0.18075284
*c1cccc(P(=O)(c2ccccc2)c2cccc(-n3c(=O)c4cc5c(=O)n(*)c(=O)c5cc4c3=O)c2)c1,1.23347752,1.631142132,2.959909837,0.201453995
*Oc1c(C)cc(C(C)(C)c2cc(C)c(ON3C(=O)c4ccc(Oc5ccc(C6(c7ccc(Oc8ccc9c(c8)C(=O)N(*)C9=O)cc7)CCC(C(C)(C)C)CC6)cc5)cc4C3=O)c(C)c2)cc1C,1.08647954,1.568245492,40.56420789,0.22463605
*c1ccc(Oc2ccc(C(c3ccc(Oc4ccc(N5C(=O)c6ccc(Oc7ccc(C8(c9ccc(Oc%10ccc%11c(c%10)C(=O)N(*)C%11=O)cc9)CCC(C(C)(C)C)CC8)cc7)cc6C5=O)cc4)cc3)(C(F)(F)F)C(F)(F)F)cc2)cc1,1.183874742,1.58214127,73.65042823,0.210880706
*c1ccc(Oc2ccc(Oc3ccc(N4C(=O)c5ccc(Oc6ccc(C7(c8ccc(Oc9ccc%10c(c9)C(=O)N(*)C%10=O)cc8)CCC(C(C)(C)C)CC7)cc6)cc5C4=O)cc3)c(C(C)(C)C)c2)cc1,1.108698074,1.595054526,72.15062499,0.275312596
*c1ccc(Oc2ccc(C3(c4ccc(Oc5ccc(N6C(=O)c7ccc(Oc8ccc(C9(c%10ccc(Oc%11ccc%12c(c%11)C(=O)N(*)C%12=O)cc%10)CCC(C(C)(C)C)CC9)cc8)cc7C6=O)cc5)cc4)CC4CC3C3CCCC43)cc2)cc1,1.105510641,1.594165657,70.05484519,0.235289626
*C(=O)Nc1cccc(C#Cc2cccc(N3C(=O)c4ccc(*)cc4C3=O)c2)c1,1.207196695,1.73221681,3.415731935,0.254775725
*c1ccc(Oc2ccc(NC(=O)CN3C(=O)c4ccc(C(c5ccc6c(c5)C(=O)N(CC(=O)Nc5ccc(Oc7ccc(-c8nnc(*)o8)cc7)cc5)C6=O)(C(F)(F)F)C(F)(F)F)cc4C3=O)cc2)cc1,1.321558491,1.613387651,29.08849205,0.215864818
*c1ccc(Oc2c(C)cc(C(C)(C)c3cc(C)c(Oc4ccc(N5C(=O)c6ccc(Oc7ccc(C8(c9ccc(Oc%10ccc%11c(c%10)C(=O)N(*)C%11=O)cc9)CCC(c9ccccc9)CC8)cc7)cc6C5=O)cc4)c(C)c3)cc2C)cc1,1.099576141,1.605311013,86.00460038,0.242419906
*c1ccc(Oc2ccc(Oc3ccc(N4C(=O)c5ccc(Oc6ccc(C7(c8ccc(Oc9ccc%10c(c9)C(=O)N(*)C%10=O)cc8)CCC(c8ccccc8)CC7)cc6)cc5C4=O)cc3)c(C(C)(C)C)c2)cc1,1.137986282,1.633989886,57.57076789,0.258275143
*c1ccc(Oc2ccc(-c3ccc(Oc4ccc(N5C(=O)c6ccc(Oc7ccc(C8(c9ccc(Oc%10ccc%11c(c%10)C(=O)N(*)C%11=O)cc9)CCC(c9ccccc9)CC8)cc7)cc6C5=O)cc4)cc3C)c(C)c2)cc1,1.145147381,1.651137936,107.9472635,0.262426433
*c1ccc(Oc2ccc(N3C(=O)c4ccc(Oc5ccc(C6(c7ccc(Oc8ccc9c(c8)C(=O)N(*)C9=O)cc7)CCC(c7ccccc7)CC6)cc5)cc4C3=O)cc2)cc1,1.165731568,1.643660767,17.10361996,0.234347519
*c1ccc(Oc2ccccc2Oc2ccc(-n3c(=O)c4cc5c(=O)n(*)c(=O)c5cc4c3=O)cc2)cc1,1.279833729,1.649220757,2.979124104,0.27636764
*c1ccc(Oc2ccc(Oc3ccc(-n4c(=O)c5cc6c(=O)n(*)c(=O)c6cc5c4=O)cc3)cc2C(C)(C)C)cc1,1.155735832,1.60692786,2.765599352,0.299962523
*c1ccc(Oc2ccc(Oc3ccc(-n4c(=O)c5cc6c(=O)n(*)c(=O)c6cc5c4=O)cc3)cc2-c2ccccc2)cc1,1.228190525,1.648725089,2.905812215,0.30983122
*c1ccc(Oc2cc(C(C)(C)C)ccc2Oc2ccc(-n3c(=O)c4cc5c(=O)n(*)c(=O)c5cc4c3=O)cc2)cc1,1.192553559,1.614324588,2.81905731,0.278141719
*c1ccc(Oc2ccc(Oc3ccc(N4C(=O)c5ccc(-c6ccc7c(c6)C(=O)N(*)C7=O)cc5C4=O)cc3)cc2)cc1,1.238883713,1.695846952,3.102582967,0.295398373
*c1ccc(Oc2ccccc2Oc2ccc(N3C(=O)c4ccc(-c5ccc6c(c5)C(=O)N(*)C6=O)cc4C3=O)cc2)cc1,1.252823634,1.681845994,3.077537703,0.29151673
*c1ccc(Oc2ccc(Oc3ccc(N4C(=O)c5ccc(-c6ccc7c(c6)C(=O)N(*)C7=O)cc5C4=O)cc3)c(C(C)(C)C)c2)cc1,1.153474075,1.641182943,2.877145287,0.30392846
*c1ccc(Oc2ccc(Oc3ccc(N4C(=O)c5ccc(-c6ccc7c(c6)C(=O)N(*)C7=O)cc5C4=O)cc3)c(-c3ccccc3)c2)cc1,1.202889399,1.664742839,2.955970878,0.316411554
*c1ccc(Oc2cc(C(C)(C)C)ccc2Oc2ccc(N3C(=O)c4ccc(-c5ccc6c(c5)C(=O)N(*)C6=O)cc4C3=O)cc2)cc1,1.171705288,1.640106968,2.900396417,0.288457547
*c1ccc(Oc2ccc(-c3ccc(Oc4ccc(N5C(=O)c6ccc(Oc7cccc(Oc8ccc9c(c8)C(=O)N(*)C9=O)c7)cc6C5=O)cc4)cc3)cc2)cc1,1.246201454,1.679105459,85.67347746,0.28734094
*c1ccc(Oc2ccc(C3(c4ccc(Oc5ccc(N6C(=O)c7ccc(Oc8ccc(C9(c%10ccc(Oc%11ccc%12c(c%11)C(=O)N(*)C%12=O)cc%10)CCC(c%10ccccc%10)CC9)cc8)cc7C6=O)cc5)cc4)CC4CC3C3CCCC43)cc2)cc1,1.128591153,1.629678061,72.33171539,0.22907507
*C(=O)c1ccc2c(c1)C(=O)N(c1cc(C(c3ccc(O)c(N4C(=O)c5ccc(*)cc5C4=O)c3)(C(F)(F)F)C(F)(F)F)ccc1O)C2=O,1.335670182,1.537198092,2.859860777,0.189395669
*c1ccc(Oc2ccc(-c3ccc(Oc4ccc(N5C(=O)c6ccc(Oc7ccc(C8(c9ccc(Oc%10ccc%11c(c%10)C(=O)N(*)C%11=O)cc9)CCCCCCCCCCC8)cc7)cc6C5=O)cc4)cc3C)c(C)c2)cc1,1.09791089,1.605943452,112.5792928,0.271126559
*c1ccc(Cc2ccc(N3C(=O)c4ccc(Oc5ccc(C6(c7ccc(Oc8ccc9c(c8)C(=O)N(*)C9=O)cc7)CCCCCCCCCCC6)cc5)cc4C3=O)cc2)cc1,1.105899582,1.594807145,25.77741002,0.234616466
*c1ccc(Oc2ccc(Oc3ccc(N4C(=O)c5ccc(Oc6ccc(C7(c8ccc(Oc9ccc%10c(c9)C(=O)N(*)C%10=O)cc8)CCCCCCCCCCC7)cc6)cc5C4=O)cc3)c(C(C)(C)C)c2)cc1,1.080878734,1.589257058,46.42228249,0.253157391
*c1ccc(Oc2ccc(C3(c4ccc(Oc5ccc(N6C(=O)c7ccc(Oc8ccc(C9(c%10ccc(Oc%11ccc%12c(c%11)C(=O)N(*)C%12=O)cc%10)CCCCCCCCCCC9)cc8)cc7C6=O)cc5)cc4)CCC(C(C)(C)C)CC3)cc2)cc1,1.073893097,1.593276086,81.12782398,0.254842041
*c1ccc(Oc2ccc(C3(c4ccc(Oc5ccc(N6C(=O)c7ccc(Oc8ccc(C9(c%10ccc(Oc%11ccc%12c(c%11)C(=O)N(*)C%12=O)cc%10)CCCCCCCCCCC9)cc8)cc7C6=O)cc5)cc4)C4CC5CC(C4)CC3C5)cc2)cc1,1.101806479,1.598292828,38.04488594,0.2382015
*c1ccc2c(c1)C(=O)N(c1ccc(Oc3ccc4ccc(Oc5ccc(N6C(=O)c7ccc(C(*)(C(F)(F)F)C(F)(F)F)cc7C6=O)cc5)cc4c3)cc1)C2=O,1.283568007,1.633734471,25.79811201,0.182668971
*c1ccc(Oc2ccc3ccc(Oc4ccc(-n5c(=O)c6cc7c(=O)n(*)c(=O)c7cc6c5=O)cc4)cc3c2)cc1,1.273386357,1.70698746,3.132747188,0.289863471
*c1cccc(P(=O)(c2cccc(-n3c(=O)c4c(-c5cc(C(F)(F)F)cc(C(F)(F)F)c5)c5c(=O)n(*)c(=O)c5c(-c5cc(C(F)(F)F)cc(C(F)(F)F)c5)c4c3=O)c2)c2cc(C(F)(F)F)cc(C(F)(F)F)c2)c1,1.312247717,1.469822461,2.329893615,0.122779381
*c1cccc(P(=O)(c2ccc(C(F)(F)F)cc2)c2cccc(-n3c(=O)c4c(-c5cc(C(F)(F)F)cc(C(F)(F)F)c5)c5c(=O)n(*)c(=O)c5c(-c5cc(C(F)(F)F)cc(C(F)(F)F)c5)c4c3=O)c2)c1,1.290758894,1.488177353,2.385920731,0.130279594
*c1cccc(P(=O)(c2ccccc2)c2cccc(-n3c(=O)c4c(-c5cc(C(F)(F)F)cc(C(F)(F)F)c5)c5c(=O)n(*)c(=O)c5c(-c5cc(C(F)(F)F)cc(C(F)(F)F)c5)c4c3=O)c2)c1,1.256448494,1.502961183,2.442371797,0.131716821
*c1cccc(P(=O)(c2cccc(-n3c(=O)c4c(-c5ccc(C(F)(F)F)cc5)c5c(=O)n(*)c(=O)c5c(-c5ccc(C(F)(F)F)cc5)c4c3=O)c2)c2cc(C(F)(F)F)cc(C(F)(F)F)c2)c1,1.275974405,1.506190663,2.462254651,0.141923307
*c1cccc(P(=O)(c2ccc(C(F)(F)F)cc2)c2cccc(-n3c(=O)c4c(-c5ccc(C(F)(F)F)cc5)c5c(=O)n(*)c(=O)c5c(-c5ccc(C(F)(F)F)cc5)c4c3=O)c2)c1,1.240680333,1.530174552,2.526225766,0.149548685
*c1cccc(P(=O)(c2ccccc2)c2cccc(-n3c(=O)c4c(-c5ccc(C(F)(F)F)cc5)c5c(=O)n(*)c(=O)c5c(-c5ccc(C(F)(F)F)cc5)c4c3=O)c2)c1,1.211199174,1.555963382,2.631267992,0.150823834
*c1cccc(P(=O)(c2cccc(-n3c(=O)c4c(-c5ccccc5)c5c(=O)n(*)c(=O)c5c(-c5ccccc5)c4c3=O)c2)c2cc(C(F)(F)F)cc(C(F)(F)F)c2)c1,1.217051099,1.546950394,2.577271113,0.14675416
*c1cccc(P(=O)(c2ccc(C(F)(F)F)cc2)c2cccc(-n3c(=O)c4c(-c5ccccc5)c5c(=O)n(*)c(=O)c5c(-c5ccccc5)c4c3=O)c2)c1,1.191105752,1.588965774,2.702672336,0.168077953
*c1cccc(P(=O)(c2ccccc2)c2cccc(-n3c(=O)c4c(-c5ccccc5)c5c(=O)n(*)c(=O)c5c(-c5ccccc5)c4c3=O)c2)c1,1.146744103,1.615012361,2.835148128,0.177458779
*c1ccc(Oc2ccc(N3C(=O)c4cccc(Oc5cccc6c5C(=O)N(*)C6=O)c4C3=O)cc2)cc1,1.284526309,1.642205829,3.015331255,0.222053496
*c1ccc(Oc2ccc(N3C(=O)c4ccc(Oc5cccc6c5C(=O)N(*)C6=O)cc4C3=O)cc2)cc1,1.273119351,1.67109046,3.098361306,0.249143763
*c1ccc(Oc2ccc(Oc3ccc(N4C(=O)c5cccc(Oc6cccc7c6C(=O)N(*)C7=O)c5C4=O)cc3)cc2)cc1,1.265742575,1.651695724,2.973581688,0.228924168
*c1ccc(Oc2ccc(Oc3ccc(N4C(=O)c5ccc(Oc6cccc7c6C(=O)N(*)C7=O)cc5C4=O)cc3)cc2)cc1,1.258077327,1.673771123,4.442006429,0.255200829
*c1ccc(Oc2ccc(N3C(=O)C4CCC5C(=O)N(*)C(=O)C5C4C3=O)cc2)cc1,1.224206455,1.567547593,2.752208022,0.263432532
*c1ccc(Cc2ccc(N3C(=O)C4CCC5C(=O)N(*)C(=O)C5C4C3=O)c(C)c2)cc1C,1.113927188,1.524126315,2.563415792,0.238258763
*c1ccc(Oc2ccc(Oc3ccc(N4C(=O)C5CCC6C(=O)N(*)C(=O)C6C5C4=O)cc3)cc2)cc1,1.213193563,1.582577861,2.751004196,0.274145489
*c1ccc(Oc2ccc(C(C)(C)c3ccc(Oc4ccc(N5C(=O)C6CCC7C(=O)N(*)C(=O)C7C6C5=O)cc4)cc3)cc2)cc1,1.163593926,1.588031268,2.740222114,0.252650625
*C(=O)c1ccc2c(c1)C(=O)N(c1c(C)cc(Cc3cc(C)c(N4C(=O)c5ccc(*)cc5C4=O)c(C)c3)cc1C)C2=O,1.094593488,1.573605022,2.69871304,0.220094916
*C(=O)c1ccc2c(c1)C(=O)N(c1c(CC)cc(Cc3cc(CC)c(N4C(=O)c5ccc(*)cc5C4=O)c(CC)c3)cc1CC)C2=O,1.063182588,1.552844591,2.609863079,0.222803856
*C(=O)c1ccc2c(c1)C(=O)N(c1c(C(C)C)cc(Cc3cc(C(C)C)c(N4C(=O)c5ccc(*)cc5C4=O)c(C(C)C)c3)cc1C(C)C)C2=O,1.001467547,1.517245614,2.493035064,0.204282612
*c1ccc(Oc2ccc(Oc3ccc(N4C(=O)c5ccc(Oc6ccccc6Oc6ccc7c(c6)C(=O)N(*)C7=O)cc5C4=O)cc3C(F)(F)F)cc2)c(C(F)(F)F)c1,1.333812448,1.5858111,5.443940274,0.203445263
*c1ccc(Oc2ccccc2Oc2ccc(N3C(=O)c4ccc(Oc5ccccc5Oc5ccc6c(c5)C(=O)N(*)C6=O)cc4C3=O)cc2C(F)(F)F)c(C(F)(F)F)c1,1.319418273,1.571383916,3.342622504,0.175622309
*c1ccc(Oc2c(C)cc(-c3cc(C)c(Oc4ccc(N5C(=O)c6ccc(Oc7ccccc7Oc7ccc8c(c7)C(=O)N(*)C8=O)cc6C5=O)cc4C(F)(F)F)c(C)c3)cc2C)c(C(F)(F)F)c1,1.230109509,1.573605514,27.51467038,0.215085171
*c1ccc(Oc2ccc(C(c3ccc(Oc4ccc(N5C(=O)c6ccc(Oc7ccccc7Oc7ccc8c(c7)C(=O)N(*)C8=O)cc6C5=O)cc4C(F)(F)F)cc3)(C(F)(F)F)C(F)(F)F)cc2)c(C(F)(F)F)c1,1.347929123,1.553987575,23.63338535,0.172393313
*c1ccc(Oc2ccc(C3(c4ccc(Oc5ccc(N6C(=O)c7ccc(Oc8ccccc8Oc8ccc9c(c8)C(=O)N(*)C9=O)cc7C6=O)cc5C(F)(F)F)cc4)c4ccccc4-c4ccccc43)cc2)c(C(F)(F)F)c1,1.25213482,1.597740548,20.39163591,0.188157219
*c1ccc(N2C(=O)c3ccc(Oc4ccc(C(C)(C)c5cccc(Oc6ccc7c(c6)C(=O)N(*)C7=O)c5)cc4)cc3C2=O)cc1,1.211368453,1.623778843,3.927924204,0.254037201
*CCCCCCCCCCN1C(=O)C2C3C=CC(C4C(=O)N(*)C(=O)C34)C2C1=O,1.115283233,1.488706923,2.522587085,0.255867446
*C1CCC(CC2CCC(N3C(=O)C4C5C=CC(C6C(=O)N(*)C(=O)C56)C4C3=O)CC2)CC1,1.096899673,1.483116482,2.485743459,0.232731371
*C1CCC(CC2CCC(N3C(=O)C4C5C=CC(C6C(=O)N(*)C(=O)C56)C4C3=O)C(C)C2)CC1C,1.058498105,1.467147913,2.38068316,0.2249129
*c1cc(C(c2ccc(O)c(N3C(=O)c4ccc(Oc5ccc6c(c5)C(=O)N(*)C6=O)cc4C3=O)c2)(C(F)(F)F)C(F)(F)F)ccc1O,1.344261415,1.554693124,2.913631764,0.190410767
*c1ccc(C(C)(C)c2ccc(C(C)(C)c3ccc(N4C(=O)c5ccc(Oc6ccc7c(c6)C(=O)N(*)C7=O)cc5C4=O)cc3)cc2)cc1,1.117686372,1.60985945,4.490990372,0.25056238
*c1ccc(Sc2ccc(Sc3ccc(Sc4ccc(-n5c(=O)c6cc7c(=O)n(*)c(=O)c7cc6c5=O)cc4)cc3)cc2)cc1,1.289064116,1.739074935,3.271740602,0.209987039
*c1ccc(Sc2ccc3c(c2)Sc2ccc(Sc4ccc(-n5c(=O)c6cc7c(=O)n(*)c(=O)c7cc6c5=O)cc4)cc2S3)cc1,1.305780731,1.735982656,3.188905002,0.199953659
*C(=O)Oc1ccc(OC(=O)c2ccc3c(c2)C(=O)N(C2CCC(N4C(=O)c5ccc(*)cc5C4=O)CC2)C3=O)cc1,1.262452899,1.609475759,2.96123373,0.321091285
*C(=O)Oc1ccc(OC(=O)c2ccc3c(c2)C(=O)N(c2ccc(-c4ccc(N5C(=O)c6ccc(*)cc6C5=O)cc4C(F)(F)F)c(C(F)(F)F)c2)C3=O)cc1,1.335659721,1.605084458,6.081604363,0.282111699
*c1ccc(C(=O)Oc2ccc(-n3c(=O)c4cc5c(=O)n(*)c(=O)c5cc4c3=O)cc2)cc1,1.318962202,1.671981809,3.20720113,0.402981581
*c1ccc(C(=O)Oc2ccc(N3C(=O)c4ccc(-c5ccc6c(c5)C(=O)N(*)C6=O)cc4C3=O)cc2)cc1,1.281208701,1.704879796,3.254212449,0.370940579
*C(=O)Oc1ccc(OC(=O)c2ccc3c(c2)C(=O)N(c2ccc(C(=O)Oc4ccc(N5C(=O)c6ccc(*)cc6C5=O)cc4)cc2)C3=O)cc1,1.303485145,1.685644467,11.14809982,0.322281096
*c1ccc(C(=O)Nc2ccc(-n3c(=O)c4cc5c(=O)n(*)c(=O)c5cc4c3=O)cc2)cc1,1.312416633,1.70232354,3.407329525,0.501051728
*C(=O)Oc1ccc(OC(=O)c2ccc3c(c2)C(=O)N(c2ccc(C(=O)Nc4ccc(N5C(=O)c6ccc(*)cc6C5=O)cc4)cc2)C3=O)cc1,1.306231148,1.710452966,22.8676006,0.32622674
*c1cc(C(c2ccc(O)c(N3C(=O)c4ccc(-c5ccc6c(c5)C(=O)N(*)C6=O)cc4C3=O)c2)(C(F)(F)F)C(F)(F)F)ccc1O,1.2976353,1.553545491,2.807060607,0.203289189
*c1ccc2c(c1)C(=O)N(c1ccc(-c3ccc(Oc4ccc5c(c4)C(C)(c4ccc(Oc6ccc(-c7ccc(N8C(=O)c9ccc(C(*)(C(F)(F)F)C(F)(F)F)cc9C8=O)cc7)cc6C(F)(F)F)cc4)CC5(C)C)c(C(F)(F)F)c3)cc1)C2=O,1.229265414,1.591363698,50.63723246,0.18898492
*c1ccc(-c2ccc(Oc3ccc(C4(C)CC(C)(C)c5ccc(Oc6ccc(-c7ccc(N8C(=O)c9ccc(Oc%10ccc%11c(c%10)C(=O)N(*)C%11=O)cc9C8=O)cc7)cc6C(F)(F)F)cc54)cc3)c(C(F)(F)F)c2)cc1,1.205587594,1.604242377,42.46612369,0.236371549
*c1cccc(N2C(=O)c3ccc(-c4cccc5c4C(=O)N(*)C5=O)cc3C2=O)c1,1.240217083,1.657355959,3.043588111,0.220725294
*c1ccc(-c2ccc(N3C(=O)c4ccc(-c5cccc6c5C(=O)N(*)C6=O)cc4C3=O)c(C)c2)cc1C,1.114037498,1.621975649,2.847212007,0.252551567
*c1ccc(-c2ccc(N3C(=O)c4ccc(-c5cccc6c5C(=O)N(*)C6=O)cc4C3=O)cc2C)c(C)c1,1.114377047,1.611415779,2.818651824,0.246966336
*c1ccc(-c2ccc(N3C(=O)c4ccc(-c5cccc6c5C(=O)N(*)C6=O)cc4C3=O)cc2C(F)(F)F)c(C(F)(F)F)c1,1.241363139,1.544879425,2.671083625,0.181127226
*c1ccc(Oc2cccc(N3C(=O)c4ccc(-c5cccc6c5C(=O)N(*)C6=O)cc4C3=O)c2)cc1,1.238208298,1.658498912,3.025147319,0.21550438
*c1ccc(Oc2ccc(Oc3ccc(N4C(=O)c5ccc(-c6cccc7c6C(=O)N(*)C7=O)cc5C4=O)cc3)cc2)cc1,1.224657804,1.67674141,3.034668356,0.253562737
*c1ccc(Oc2cccc(Oc3ccc(N4C(=O)c5ccc(-c6cccc7c6C(=O)N(*)C7=O)cc5C4=O)cc3)c2)cc1,1.238084525,1.684719723,3.082056889,0.215328534
*c1cccc(Oc2cccc(Oc3cccc(N4C(=O)c5ccc(-c6cccc7c6C(=O)N(*)C7=O)cc5C4=O)c3)c2)c1,1.245112428,1.667374957,3.043263916,0.194879024
*c1ccc(-c2ccc(N3C(=O)c4cc5c(cc4C3=O)C(C(F)(F)F)(C(F)(F)F)c3cc4c(cc3O5)C(=O)N(*)C4=O)cc2C(F)(F)F)c(C(F)(F)F)c1,1.258323544,1.468938993,2.354602699,0.334859311
*c1ccc(-c2ccc(N3C(=O)c4cc5c(cc4C3=O)C(C(F)(F)F)(C(F)(F)F)c3cc4c(cc3O5)C(=O)N(*)C4=O)cc2OC(F)(F)F)c(OC(F)(F)F)c1,1.308167258,1.482142766,2.386687637,0.314708286
*C(=O)Nc1ccc(C2(c3ccc(NC(=O)c4ccc5c(c4)C(=O)N(c4ccc(Sc6ccc(Oc7ccc(Sc8ccc(N9C(=O)c%10ccc(*)cc%10C9=O)cc8)cc7)cc6)cc4)C5=O)cc3)c3ccccc3-c3ccccc32)cc1,1.211912125,1.711504088,49.99758104,0.233545227
*c1ccc(Sc2ccc(Oc3ccc(Sc4ccc(N5C(=O)c6ccc(Oc7ccc(C(C)(C)c8ccc(Oc9ccc%10c(c9)C(=O)N(*)C%10=O)cc8)cc7)cc6C5=O)cc4)cc3)cc2)cc1,1.217456722,1.688510642,78.75012309,0.219421614
*c1ccc2c(c1)C(=O)N(c1ccc(Sc3ccc(Oc4ccc(Sc5ccc(N6C(=O)c7ccc(C(*)(C(F)(F)F)C(F)(F)F)cc7C6=O)cc5)cc4)cc3)cc1)C2=O,1.295180711,1.641109755,24.55455948,0.17007229
*OC(C)COC(*)=O,1.202638184,1.451527588,2.403188141,0.216197061
*Oc1ccc2c(c1)C1(CC2(C)C)CC(C)(C)c2ccc(OC(*)=O)cc21,1.054952503,1.522609206,2.597724744,0.198892107
*Oc1ccc(C(C)(C)c2ccc(OC(*)=O)c(CC)c2)cc1CC,1.042006546,1.516873344,2.492589629,0.235507852
*Oc1ccc(C(C)(CCC#N)c2ccc(OC(*)=O)cc2)cc1,1.128123384,1.553442611,3.045718614,0.239792442
*Oc1ccc(C(C)(CCC#N)c2ccc(OC(*)=O)c(C)c2)cc1C,1.073618602,1.525995109,2.986414987,0.219626724
*Oc1ccc(C(CCC)(CCC)c2ccc(OC(*)=O)c(C)c2)cc1C,0.972761341,1.48643052,2.391570294,0.239908747
*Oc1ccc(C(CCCC)(CCCC)c2ccc(OC(*)=O)cc2)cc1,1.002496135,1.506407353,2.518485666,0.236778552
*CCCCCCCCCSC(=O)S*,1.067551023,1.529137782,2.494707968,0.228700961
*CCCCCCCCCCCCSC(=O)S*,1.024034539,1.517439133,2.431896137,0.246707796
*Sc1ccc(Cc2ccc(SC(*)=O)cc2)cc1,1.226614486,1.676774799,2.960920322,0.180050455
*Oc1ccc(C(C)(C)c2ccc(OC(=O)SCCCSC(*)=O)cc2)cc1,1.187060668,1.565865557,2.654467658,0.187002547
*Oc1ccc(C(C)(C)c2ccc(OC(=O)SCCCCCCSC(*)=O)cc2)cc1,1.147142464,1.553665524,2.636854735,0.197531069
*Oc1ccc(C(C)(C)c2ccc(OC(=O)Sc3ccc(C(C)(C)c4ccc(SC(*)=O)cc4)cc3)cc2)cc1,1.146463028,1.572302166,2.631318951,0.182529356
*C1NC(CC1)*,1.038245022,1.525518549,2.728558771,0.263630423
*Nc1ccc(cc1)*,1.203537777,1.704517399,3.127628252,0.383186404
*c1ccc(Cc2ccc(N(*)Cc3ccccc3)cc2)cc1,1.08968454,1.638335265,2.754331873,0.238998014
*Cc1cc(C(C)(C)c2ccc3c(c2)CN(C)CO3)cc(CN(*)C)c1O,1.087875668,1.563663252,2.71464417,0.206550984
*c1ccc(C(c2ccc(-c3nc4cc(-c5ccc6nc(*)[nH]c6c5)ccc4[nH]3)cc2)(C(F)(F)F)C(F)(F)F)cc1,1.234290717,1.609067475,2.779099847,0.239875739
*c1ccc(C(c2ccc(-c3nc4ccc(-c5ccc6nc(*)[nH]c6c5)cc4[nH]3)cc2)(C(F)(F)F)C(F)(F)F)cc1,1.236638312,1.616613796,2.781586666,0.248861231
*c1cccc(S(=O)(=O)NCCCCCCNS(*)(=O)=O)c1,1.285079964,1.541085964,2.832809784,0.20809775
*c1ccc(S(*)(=O)=O)cc1,1.355113919,1.592541372,2.748267751,0.199092642
*Cc1cc(*)c(O)cc1C,1.098554283,1.585459588,3.047790958,0.226688307
